Get:1 http://security.ubuntu.com/ubuntu resolute-security InRelease [137 kB]
Get:2 http://archive.ubuntu.com/ubuntu resolute InRelease [136 kB]
Get:3 http://security.ubuntu.com/ubuntu resolute-security/multiverse amd64 Packages [11.2 kB]
Get:4 http://security.ubuntu.com/ubuntu resolute-security/restricted amd64 Packages [489 kB]
Get:5 http://security.ubuntu.com/ubuntu resolute-security/universe amd64 Packages [212 kB]
Get:6 http://security.ubuntu.com/ubuntu resolute-security/main amd64 Packages [578 kB]
Get:7 http://archive.ubuntu.com/ubuntu resolute-updates InRelease [137 kB]
Get:8 http://archive.ubuntu.com/ubuntu resolute-backports InRelease [137 kB]
Get:9 http://archive.ubuntu.com/ubuntu resolute/restricted amd64 Packages [189 kB]
Get:10 http://archive.ubuntu.com/ubuntu resolute/multiverse amd64 Packages [352 kB]
Get:11 http://archive.ubuntu.com/ubuntu resolute/main amd64 Packages [1874 kB]
Get:12 http://archive.ubuntu.com/ubuntu resolute/universe amd64 Packages [20.1 MB]
Get:13 http://archive.ubuntu.com/ubuntu resolute-updates/main amd64 Packages [743 kB]
Get:14 http://archive.ubuntu.com/ubuntu resolute-updates/restricted amd64 Packages [505 kB]
Get:15 http://archive.ubuntu.com/ubuntu resolute-updates/multiverse amd64 Packages [14.6 kB]
Get:16 http://archive.ubuntu.com/ubuntu resolute-updates/universe amd64 Packages [338 kB]
Get:17 http://archive.ubuntu.com/ubuntu resolute-backports/universe amd64 Packages [3306 B]
Fetched 26.0 MB in 3s (8164 kB/s)
Reading package lists...
Reading package lists...
Building dependency tree...
Reading state information...
Solving dependencies...
The following additional packages will be installed:
  adduser adwaita-icon-theme alsa-topology-conf alsa-ucm-conf aspell aspell-en
  at-spi2-common at-spi2-core bubblewrap ca-certificates dbus dbus-bin
  dbus-daemon dbus-session-bus-common dbus-system-bus-common dbus-user-session
  dconf-gsettings-backend dconf-service dictionaries-common dmsetup
  emacsen-common enchant-2 fontconfig fontconfig-config fonts-dejavu-core
  fonts-dejavu-mono fuse3 glib-networking glib-networking-common
  glib-networking-services glycin-loaders glycin-thumbnailers
  gsettings-desktop-schemas gstreamer1.0-gl gstreamer1.0-plugins-base
  gstreamer1.0-plugins-good gstreamer1.0-x gtk-update-icon-cache
  hicolor-icon-theme hunspell-en-us ibus-gtk3 iso-codes krb5-locales libaa1
  libaom3 libapparmor1 libasound2-data libasound2t64 libaspell15 libasyncns0
  libatk-bridge2.0-0t64 libatk1.0-0t64 libatomic1 libatspi2.0-0t64
  libavahi-client3 libavahi-common-data libavahi-common3 libavc1394-0
  libbrotli1 libcaca0 libcairo-gobject2 libcairo2 libcap2 libcap2-bin
  libcdparanoia0 libcolord2 libcryptsetup12 libcups2t64 libcurl3t64-gnutls
  libdatrie1 libdbus-1-3 libdconf1 libdevmapper1.02.1 libdisplay-info3
  libdrm-amdgpu1 libdrm-common libdrm-intel1 libdrm2 libduktape207 libdv4t64
  libedit2 libegl-mesa0 libegl1 libelf1t64 libenchant-2-2 libepoxy0 libexpat1
  libffi8 libfftw3-single3 libflac14 libfontconfig1 libfontenc1 libfreetype6
  libfribidi0 libfuse3-4 libgbm1 libgdk-pixbuf-2.0-0 libgdk-pixbuf2.0-common
  libgl1 libgl1-mesa-dri libgles2 libglib2.0-0t64 libglib2.0-data libglvnd0
  libglx-mesa0 libglx0 libglycin-2-0 libgnutls30t64 libgomp1 libgpm2
  libgraphene-1.0-0 libgraphite2-3 libgssapi-krb5-2 libgstreamer-gl1.0-0
  libgstreamer-plugins-base1.0-0 libgstreamer1.0-0 libgtk-3-0t64 libgtk-3-bin
  libgtk-3-common libgudev-1.0-0 libharfbuzz-icu0 libharfbuzz0b
  libheif-plugin-aomdec libheif-plugin-aomenc libheif1 libhogweed6t64
  libhunspell-1.7-0 libhwy1t64 libhyphen0 libibus-1.0-5 libice6 libicu78
  libidn2-0 libiec61883-0 libjavascriptcoregtk-4.1-0 libjpeg-turbo8 libjpeg8
  libjson-c5 libjson-glib-1.0-0 libjson-glib-1.0-common libjxl0.11
  libk5crypto3 libkeyutils1 libkmod2 libkrb5-3 libkrb5support0 liblcms2-2
  libldap-common libldap2 libllvm21 libmp3lame0 libmpg123-0t64 libncurses6
  libnettle8t64 libnghttp2-14 libnss-systemd libogg0 libopus0 liborc-0.4-0t64
  libp11-kit0 libpam-cap libpam-systemd libpango-1.0-0 libpangocairo-1.0-0
  libpangoft2-1.0-0 libpciaccess0 libpipewire-0.3-0t64 libpipewire-0.3-common
  libpixman-1-0 libpng16-16t64 libproxy1v5 libpsl5t64 libpulse0
  libpython3-stdlib libpython3.14-minimal libpython3.14-stdlib libraw1394-11
  libreadline8t64 librsvg2-2 librsvg2-common librtmp1 libsasl2-2
  libsasl2-modules libsasl2-modules-db libsecret-1-0 libsecret-common
  libsensors-config libsensors5 libsharpyuv0 libshout3 libslang2 libsm6
  libsndfile1 libsoup-3.0-0 libsoup-3.0-common libspa-0.2-modules libspeex1
  libsqlite3-0 libssh2-1t64 libsystemd-shared libtag2 libtasn1-6
  libtext-iconv-perl libthai-data libthai0 libtheora1 libtheoradec2
  libtheoraenc2 libtwolame0 libunistring5 libunwind8 libv4l-0t64
  libv4lconvert0t64 libvisual-0.4-0 libvorbis0a libvorbisenc2 libvpx12
  libvulkan1 libwavpack1 libwayland-client0 libwayland-cursor0 libwayland-egl1
  libwayland-server0 libwebkit2gtk-4.1-0 libwebp7 libwebpdemux2 libwebpmux3
  libwebrtc-audio-processing-1-3 libx11-6 libx11-data libx11-xcb1 libxau6
  libxaw7 libxcb-dri3-0 libxcb-glx0 libxcb-present0 libxcb-randr0
  libxcb-render0 libxcb-shm0 libxcb-sync1 libxcb-xfixes0 libxcb1
  libxcomposite1 libxcursor1 libxdamage1 libxdmcp6 libxext6 libxfixes3
  libxfont2 libxi6 libxinerama1 libxkbcommon0 libxkbfile1 libxml2-16 libxmu6
  libxmuu1 libxpm4 libxrandr2 libxrender1 libxres1 libxshmfence1 libxslt1.1
  libxt6t64 libxtst6 libxv1 libxxf86vm1 linux-sysctl-defaults media-types
  mesa-libgallium mesa-vulkan-drivers netbase openssl publicsuffix
  python3-minimal python3.14 python3.14-minimal readline-common
  shared-mime-info systemd systemd-cryptsetup systemd-resolved systemd-sysv
  systemd-timesyncd tzdata user-session-migration x11-common x11-xkb-utils
  xdg-dbus-proxy xdg-desktop-portal xdg-desktop-portal-gtk xdg-user-dirs
  xfonts-base xfonts-encodings xfonts-utils xkb-data xserver-common
Suggested packages:
  liblocale-gettext-perl perl cron quota ecryptfs-utils
  adwaita-icon-theme-legacy aspell-doc spellutils wordlist libheif-plugin-x265
  | libheif-plugin-kvazaar gvfs hunspell openoffice.org-hunspell
  | openoffice.org-core isoquery alsa-utils libasound2-plugins libglu1-mesa
  | libglu1 libglut3.12 colord cups-common libdv-bin oss-compat
  libenchant-2-voikko libfftw3-bin libfftw3-dev low-memory-monitor gnutls-bin
  gpm krb5-doc krb5-user libvisual-0.4-plugins gstreamer1.0-tools
  libheif-plugin-libde265 libheif-plugin-x265 libheif-plugin-ffmpegdec
  libheif-plugin-jpegdec libheif-plugin-jpegenc libheif-plugin-j2kdec
  libheif-plugin-j2kenc libheif-plugin-kvazaar libheif-plugin-rav1e
  libheif-plugin-svtenc liblcms2-utils libtss2-esys-3.0.2-0t64
  libtss2-mu-4.0.1-0t64 libtss2-rc0t64 systemd-userdbd opus-tools pciutils
  pipewire pulseaudio libraw1394-doc librsvg2-bin libsasl2-modules-gssapi-mit
  | libsasl2-modules-gssapi-heimdal libsasl2-modules-ldap libsasl2-modules-otp
  libsasl2-modules-sql lm-sensors speex libarchive13t64 libbpf1 libdw1t64
  libfido2-1 libpwquality1 libqrencode4 gstreamer1.0-libav
  gstreamer1.0-plugins-bad gstreamer1.0-alsa python3-doc python3-tk
  python3-venv python3.14-venv python3.14-doc binutils binfmt-support
  readline-doc systemd-container systemd-homed systemd-boot systemd-repart
  libtss2-tcti-device0 polkitd accountsservice xdg-desktop-portal-gnome
The following NEW packages will be installed:
  adduser adwaita-icon-theme alsa-topology-conf alsa-ucm-conf aspell aspell-en
  at-spi2-common at-spi2-core bubblewrap ca-certificates dbus dbus-bin
  dbus-daemon dbus-session-bus-common dbus-system-bus-common dbus-user-session
  dconf-gsettings-backend dconf-service dictionaries-common dmsetup
  emacsen-common enchant-2 foglio fontconfig fontconfig-config
  fonts-dejavu-core fonts-dejavu-mono fuse3 glib-networking
  glib-networking-common glib-networking-services glycin-loaders
  glycin-thumbnailers gsettings-desktop-schemas gstreamer1.0-gl
  gstreamer1.0-plugins-base gstreamer1.0-plugins-good gstreamer1.0-x
  gtk-update-icon-cache hicolor-icon-theme hunspell-en-us ibus-gtk3 iso-codes
  krb5-locales libaa1 libaom3 libapparmor1 libasound2-data libasound2t64
  libaspell15 libasyncns0 libatk-bridge2.0-0t64 libatk1.0-0t64 libatomic1
  libatspi2.0-0t64 libavahi-client3 libavahi-common-data libavahi-common3
  libavc1394-0 libbrotli1 libcaca0 libcairo-gobject2 libcairo2 libcap2
  libcap2-bin libcdparanoia0 libcolord2 libcryptsetup12 libcups2t64
  libcurl3t64-gnutls libdatrie1 libdbus-1-3 libdconf1 libdevmapper1.02.1
  libdisplay-info3 libdrm-amdgpu1 libdrm-common libdrm-intel1 libdrm2
  libduktape207 libdv4t64 libedit2 libegl-mesa0 libegl1 libelf1t64
  libenchant-2-2 libepoxy0 libexpat1 libffi8 libfftw3-single3 libflac14
  libfontconfig1 libfontenc1 libfreetype6 libfribidi0 libfuse3-4 libgbm1
  libgdk-pixbuf-2.0-0 libgdk-pixbuf2.0-common libgl1 libgl1-mesa-dri libgles2
  libglib2.0-0t64 libglib2.0-data libglvnd0 libglx-mesa0 libglx0 libglycin-2-0
  libgnutls30t64 libgomp1 libgpm2 libgraphene-1.0-0 libgraphite2-3
  libgssapi-krb5-2 libgstreamer-gl1.0-0 libgstreamer-plugins-base1.0-0
  libgstreamer1.0-0 libgtk-3-0t64 libgtk-3-bin libgtk-3-common libgudev-1.0-0
  libharfbuzz-icu0 libharfbuzz0b libheif-plugin-aomdec libheif-plugin-aomenc
  libheif1 libhogweed6t64 libhunspell-1.7-0 libhwy1t64 libhyphen0
  libibus-1.0-5 libice6 libicu78 libidn2-0 libiec61883-0
  libjavascriptcoregtk-4.1-0 libjpeg-turbo8 libjpeg8 libjson-c5
  libjson-glib-1.0-0 libjson-glib-1.0-common libjxl0.11 libk5crypto3
  libkeyutils1 libkmod2 libkrb5-3 libkrb5support0 liblcms2-2 libldap-common
  libldap2 libllvm21 libmp3lame0 libmpg123-0t64 libncurses6 libnettle8t64
  libnghttp2-14 libnss-systemd libogg0 libopus0 liborc-0.4-0t64 libp11-kit0
  libpam-cap libpam-systemd libpango-1.0-0 libpangocairo-1.0-0
  libpangoft2-1.0-0 libpciaccess0 libpipewire-0.3-0t64 libpipewire-0.3-common
  libpixman-1-0 libpng16-16t64 libproxy1v5 libpsl5t64 libpulse0
  libpython3-stdlib libpython3.14-minimal libpython3.14-stdlib libraw1394-11
  libreadline8t64 librsvg2-2 librsvg2-common librtmp1 libsasl2-2
  libsasl2-modules libsasl2-modules-db libsecret-1-0 libsecret-common
  libsensors-config libsensors5 libsharpyuv0 libshout3 libslang2 libsm6
  libsndfile1 libsoup-3.0-0 libsoup-3.0-common libspa-0.2-modules libspeex1
  libsqlite3-0 libssh2-1t64 libsystemd-shared libtag2 libtasn1-6
  libtext-iconv-perl libthai-data libthai0 libtheora1 libtheoradec2
  libtheoraenc2 libtwolame0 libunistring5 libunwind8 libv4l-0t64
  libv4lconvert0t64 libvisual-0.4-0 libvorbis0a libvorbisenc2 libvpx12
  libvulkan1 libwavpack1 libwayland-client0 libwayland-cursor0 libwayland-egl1
  libwayland-server0 libwebkit2gtk-4.1-0 libwebp7 libwebpdemux2 libwebpmux3
  libwebrtc-audio-processing-1-3 libx11-6 libx11-data libx11-xcb1 libxau6
  libxaw7 libxcb-dri3-0 libxcb-glx0 libxcb-present0 libxcb-randr0
  libxcb-render0 libxcb-shm0 libxcb-sync1 libxcb-xfixes0 libxcb1
  libxcomposite1 libxcursor1 libxdamage1 libxdmcp6 libxext6 libxfixes3
  libxfont2 libxi6 libxinerama1 libxkbcommon0 libxkbfile1 libxml2-16 libxmu6
  libxmuu1 libxpm4 libxrandr2 libxrender1 libxres1 libxshmfence1 libxslt1.1
  libxt6t64 libxtst6 libxv1 libxxf86vm1 linux-sysctl-defaults media-types
  mesa-libgallium mesa-vulkan-drivers netbase openssl publicsuffix python3
  python3-minimal python3.14 python3.14-minimal readline-common
  shared-mime-info systemd systemd-cryptsetup systemd-resolved systemd-sysv
  systemd-timesyncd tzdata user-session-migration webkitgtk-webdriver
  x11-common x11-xkb-utils xauth xdg-dbus-proxy xdg-desktop-portal
  xdg-desktop-portal-gtk xdg-user-dirs xfonts-base xfonts-encodings
  xfonts-utils xkb-data xserver-common xvfb
0 upgraded, 301 newly installed, 0 to remove and 7 not upgraded.
Need to get 192 MB/199 MB of archives.
After this operation, 778 MB of additional disk space will be used.
Get:1 /tmp/foglio.deb foglio amd64 0.1.0 [6969 kB]
Get:2 http://archive.ubuntu.com/ubuntu resolute/main amd64 libexpat1 amd64 2.7.4-1 [94.0 kB]
Get:3 http://archive.ubuntu.com/ubuntu resolute-updates/main amd64 libpython3.14-minimal amd64 3.14.4-1ubuntu0.2 [916 kB]
Get:4 http://archive.ubuntu.com/ubuntu resolute-updates/main amd64 python3.14-minimal amd64 3.14.4-1ubuntu0.2 [2579 kB]
Get:5 http://archive.ubuntu.com/ubuntu resolute/main amd64 python3-minimal amd64 3.14.3-0ubuntu2 [25.8 kB]
Get:6 http://archive.ubuntu.com/ubuntu resolute/main amd64 media-types all 14.0.0build1 [31.4 kB]
Get:7 http://archive.ubuntu.com/ubuntu resolute/main amd64 netbase all 6.5build1 [13.0 kB]
Get:8 http://archive.ubuntu.com/ubuntu resolute-updates/main amd64 tzdata all 2026c-0ubuntu0.26.04.1 [193 kB]
Get:9 http://archive.ubuntu.com/ubuntu resolute/main amd64 libffi8 amd64 3.5.2-4 [26.3 kB]
Get:10 http://archive.ubuntu.com/ubuntu resolute/main amd64 readline-common all 8.3-4 [61.5 kB]
Get:11 http://archive.ubuntu.com/ubuntu resolute/main amd64 libreadline8t64 amd64 8.3-4 [164 kB]
Get:12 http://archive.ubuntu.com/ubuntu resolute-updates/main amd64 libsqlite3-0 amd64 3.46.1-9ubuntu0.2 [719 kB]
Get:13 http://archive.ubuntu.com/ubuntu resolute-updates/main amd64 libpython3.14-stdlib amd64 3.14.4-1ubuntu0.2 [2415 kB]
Get:14 http://archive.ubuntu.com/ubuntu resolute-updates/main amd64 python3.14 amd64 3.14.4-1ubuntu0.2 [830 kB]
Get:15 http://archive.ubuntu.com/ubuntu resolute/main amd64 libpython3-stdlib amd64 3.14.3-0ubuntu2 [8476 B]
Get:16 http://archive.ubuntu.com/ubuntu resolute/main amd64 python3 amd64 3.14.3-0ubuntu2 [22.9 kB]
Get:17 http://archive.ubuntu.com/ubuntu resolute-updates/main amd64 libsystemd-shared amd64 259.5-0ubuntu3.4 [2462 kB]
Get:18 http://archive.ubuntu.com/ubuntu resolute-updates/main amd64 systemd amd64 259.5-0ubuntu3.4 [3129 kB]
Get:19 http://archive.ubuntu.com/ubuntu resolute-updates/main amd64 systemd-sysv amd64 259.5-0ubuntu3.4 [9250 B]
Get:20 http://archive.ubuntu.com/ubuntu resolute/main amd64 adduser all 3.153ubuntu1 [194 kB]
Get:21 http://archive.ubuntu.com/ubuntu resolute-updates/main amd64 openssl amd64 3.5.5-1ubuntu3.5 [1243 kB]
Get:22 http://archive.ubuntu.com/ubuntu resolute-updates/main amd64 ca-certificates all 20260601~26.04.1 [139 kB]
Get:23 http://archive.ubuntu.com/ubuntu resolute/main amd64 libdbus-1-3 amd64 1.16.2-2ubuntu4 [186 kB]
Get:24 http://archive.ubuntu.com/ubuntu resolute/main amd64 dbus-bin amd64 1.16.2-2ubuntu4 [40.1 kB]
Get:25 http://archive.ubuntu.com/ubuntu resolute/main amd64 dbus-session-bus-common all 1.16.2-2ubuntu4 [54.5 kB]
Get:26 http://archive.ubuntu.com/ubuntu resolute-updates/main amd64 libapparmor1 amd64 5.0.2-0ubuntu1~26.04.1 [51.3 kB]
Get:27 http://archive.ubuntu.com/ubuntu resolute/main amd64 dbus-daemon amd64 1.16.2-2ubuntu4 [119 kB]
Get:28 http://archive.ubuntu.com/ubuntu resolute/main amd64 dbus-system-bus-common all 1.16.2-2ubuntu4 [55.9 kB]
Get:29 http://archive.ubuntu.com/ubuntu resolute/main amd64 dbus amd64 1.16.2-2ubuntu4 [24.2 kB]
Get:30 http://archive.ubuntu.com/ubuntu resolute-updates/main amd64 libpam-systemd amd64 259.5-0ubuntu3.4 [274 kB]
Get:31 http://archive.ubuntu.com/ubuntu resolute/main amd64 dbus-user-session amd64 1.16.2-2ubuntu4 [9682 B]
Get:32 http://archive.ubuntu.com/ubuntu resolute/main amd64 libdevmapper1.02.1 amd64 2:1.02.205-2ubuntu3 [142 kB]
Get:33 http://archive.ubuntu.com/ubuntu resolute/main amd64 dmsetup amd64 2:1.02.205-2ubuntu3 [79.4 kB]
Get:34 http://archive.ubuntu.com/ubuntu resolute/main amd64 iso-codes all 4.20.1-1 [3899 kB]
Get:35 http://archive.ubuntu.com/ubuntu resolute-updates/main amd64 krb5-locales all 1.22.1-2ubuntu4.1 [13.6 kB]
Get:36 http://archive.ubuntu.com/ubuntu resolute/main amd64 libatomic1 amd64 16-20260322-1ubuntu1 [11.4 kB]
Get:37 http://archive.ubuntu.com/ubuntu resolute/main amd64 libcap2 amd64 1:2.75-10ubuntu2 [29.3 kB]
Get:38 http://archive.ubuntu.com/ubuntu resolute/main amd64 libcap2-bin amd64 1:2.75-10ubuntu2 [33.5 kB]
Get:39 http://archive.ubuntu.com/ubuntu resolute/main amd64 libjson-c5 amd64 0.18+ds-3 [35.9 kB]
Get:40 http://archive.ubuntu.com/ubuntu resolute/main amd64 libcryptsetup12 amd64 2:2.8.4-1ubuntu4 [271 kB]
Get:41 http://archive.ubuntu.com/ubuntu resolute/main amd64 libedit2 amd64 3.1-20251016-1 [96.9 kB]
Get:42 http://archive.ubuntu.com/ubuntu resolute/main amd64 libelf1t64 amd64 0.194-4 [57.1 kB]
Get:43 http://archive.ubuntu.com/ubuntu resolute/main amd64 libfribidi0 amd64 1.0.16-5 [26.6 kB]
Get:44 http://archive.ubuntu.com/ubuntu resolute/main amd64 libglib2.0-0t64 amd64 2.88.0-1 [1597 kB]
Get:45 http://archive.ubuntu.com/ubuntu resolute/main amd64 libglib2.0-data all 2.88.0-1 [37.8 kB]
Get:46 http://archive.ubuntu.com/ubuntu resolute/main amd64 libnettle8t64 amd64 3.10.2-1 [185 kB]
Get:47 http://archive.ubuntu.com/ubuntu resolute/main amd64 libhogweed6t64 amd64 3.10.2-1 [201 kB]
Get:48 http://archive.ubuntu.com/ubuntu resolute/main amd64 libunistring5 amd64 1.3-2build1 [610 kB]
Get:49 http://archive.ubuntu.com/ubuntu resolute/main amd64 libidn2-0 amd64 2.3.8-4build1 [67.6 kB]
Get:50 http://archive.ubuntu.com/ubuntu resolute/main amd64 libp11-kit0 amd64 0.26.2-2 [313 kB]
Get:51 http://archive.ubuntu.com/ubuntu resolute/main amd64 libtasn1-6 amd64 4.21.0-2 [45.3 kB]
Get:52 http://archive.ubuntu.com/ubuntu resolute-updates/main amd64 libgnutls30t64 amd64 3.8.12-2ubuntu1.1 [1029 kB]
Get:53 http://archive.ubuntu.com/ubuntu resolute-updates/main amd64 libkrb5support0 amd64 1.22.1-2ubuntu4.1 [33.5 kB]
Get:54 http://archive.ubuntu.com/ubuntu resolute-updates/main amd64 libk5crypto3 amd64 1.22.1-2ubuntu4.1 [82.0 kB]
Get:55 http://archive.ubuntu.com/ubuntu resolute/main amd64 libkeyutils1 amd64 1.6.3-6ubuntu3 [10.6 kB]
Get:56 http://archive.ubuntu.com/ubuntu resolute-updates/main amd64 libkrb5-3 amd64 1.22.1-2ubuntu4.1 [361 kB]
Get:57 http://archive.ubuntu.com/ubuntu resolute-updates/main amd64 libgssapi-krb5-2 amd64 1.22.1-2ubuntu4.1 [147 kB]
Get:58 http://archive.ubuntu.com/ubuntu resolute/main amd64 libkmod2 amd64 34.2-2ubuntu2 [50.9 kB]
Get:59 http://archive.ubuntu.com/ubuntu resolute-updates/main amd64 libnss-systemd amd64 259.5-0ubuntu3.4 [227 kB]
Get:60 http://archive.ubuntu.com/ubuntu resolute/main amd64 libpam-cap amd64 1:2.75-10ubuntu2 [12.7 kB]
Get:61 http://archive.ubuntu.com/ubuntu resolute/main amd64 libslang2 amd64 2.3.3-5build1 [504 kB]
Get:62 http://archive.ubuntu.com/ubuntu resolute/main amd64 libtext-iconv-perl amd64 1.7-8.1 [13.6 kB]
Get:63 http://archive.ubuntu.com/ubuntu resolute-updates/main amd64 libxml2-16 amd64 2.15.2+dfsg-0.1ubuntu0.1 [606 kB]
Get:64 http://archive.ubuntu.com/ubuntu resolute/main amd64 linux-sysctl-defaults all 4.15ubuntu5 [6208 B]
Get:65 http://archive.ubuntu.com/ubuntu resolute/main amd64 shared-mime-info amd64 2.4-5build3 [476 kB]
Get:66 http://archive.ubuntu.com/ubuntu resolute-updates/main amd64 systemd-cryptsetup amd64 259.5-0ubuntu3.4 [124 kB]
Get:67 http://archive.ubuntu.com/ubuntu resolute-updates/main amd64 systemd-resolved amd64 259.5-0ubuntu3.4 [299 kB]
Get:68 http://archive.ubuntu.com/ubuntu resolute/main amd64 xdg-user-dirs amd64 0.19-1 [19.3 kB]
Get:69 http://archive.ubuntu.com/ubuntu resolute/main amd64 xkb-data all 2.46-2 [393 kB]
Get:70 http://archive.ubuntu.com/ubuntu resolute/main amd64 libfuse3-4 amd64 3.18.2-1 [93.0 kB]
Get:71 http://archive.ubuntu.com/ubuntu resolute/main amd64 fuse3 amd64 3.18.2-1 [27.5 kB]
Get:72 http://archive.ubuntu.com/ubuntu resolute/main amd64 libdrm-common all 2.4.131-1 [9774 B]
Get:73 http://archive.ubuntu.com/ubuntu resolute/main amd64 libdrm2 amd64 2.4.131-1 [42.3 kB]
Get:74 http://archive.ubuntu.com/ubuntu resolute/main amd64 libgpm2 amd64 1.20.7-12build1 [14.4 kB]
Get:75 http://archive.ubuntu.com/ubuntu resolute/main amd64 libncurses6 amd64 6.6+20251231-1 [114 kB]
Get:76 http://archive.ubuntu.com/ubuntu resolute-updates/main amd64 libnghttp2-14 amd64 1.68.0-2ubuntu0.2 [71.0 kB]
Get:77 http://archive.ubuntu.com/ubuntu resolute/main amd64 libpng16-16t64 amd64 1.6.57-1 [194 kB]
Get:78 http://archive.ubuntu.com/ubuntu resolute/main amd64 libpsl5t64 amd64 0.21.2-1.1build2 [59.5 kB]
Get:79 http://archive.ubuntu.com/ubuntu resolute/main amd64 libsensors-config all 1:3.6.2-2build1 [6862 B]
Get:80 http://archive.ubuntu.com/ubuntu resolute/main amd64 libsensors5 amd64 1:3.6.2-2build1 [28.9 kB]
Get:81 http://archive.ubuntu.com/ubuntu resolute/main amd64 libxau6 amd64 1:1.0.11-1build2 [7502 B]
Get:82 http://archive.ubuntu.com/ubuntu resolute/main amd64 libxdmcp6 amd64 1:1.1.5-2 [10.8 kB]
Get:83 http://archive.ubuntu.com/ubuntu resolute/main amd64 libxcb1 amd64 1.17.0-2ubuntu1 [49.0 kB]
Get:84 http://archive.ubuntu.com/ubuntu resolute/main amd64 libx11-data all 2:1.8.13-1 [114 kB]
Get:85 http://archive.ubuntu.com/ubuntu resolute/main amd64 libx11-6 amd64 2:1.8.13-1 [657 kB]
Get:86 http://archive.ubuntu.com/ubuntu resolute/main amd64 libxext6 amd64 2:1.3.4-1build3 [30.8 kB]
Get:87 http://archive.ubuntu.com/ubuntu resolute/main amd64 libxkbcommon0 amd64 1.13.1-1 [159 kB]
Get:88 http://archive.ubuntu.com/ubuntu resolute/main amd64 libxmuu1 amd64 2:1.1.3-4 [9450 B]
Get:89 http://archive.ubuntu.com/ubuntu resolute/main amd64 publicsuffix all 20260129.1928-1 [139 kB]
Get:90 http://archive.ubuntu.com/ubuntu resolute/main amd64 xauth amd64 1:1.1.2-1.1build1 [25.7 kB]
Get:91 http://archive.ubuntu.com/ubuntu resolute-updates/main amd64 bubblewrap amd64 0.11.1-1ubuntu0.1 [50.8 kB]
Get:92 http://archive.ubuntu.com/ubuntu resolute/main amd64 libbrotli1 amd64 1.2.0-3build1 [343 kB]
Get:93 http://archive.ubuntu.com/ubuntu resolute-updates/main amd64 libfreetype6 amd64 2.14.2+dfsg-1ubuntu0.1 [409 kB]
Get:94 http://archive.ubuntu.com/ubuntu resolute/main amd64 fonts-dejavu-mono all 2.37-8build1 [502 kB]
Get:95 http://archive.ubuntu.com/ubuntu resolute/main amd64 fonts-dejavu-core all 2.37-8build1 [834 kB]
Get:96 http://archive.ubuntu.com/ubuntu resolute/main amd64 fontconfig-config amd64 2.17.1-3ubuntu1 [38.5 kB]
Get:97 http://archive.ubuntu.com/ubuntu resolute/main amd64 libfontconfig1 amd64 2.17.1-3ubuntu1 [144 kB]
Get:98 http://archive.ubuntu.com/ubuntu resolute/main amd64 libpixman-1-0 amd64 0.46.4-1 [287 kB]
Get:99 http://archive.ubuntu.com/ubuntu resolute/main amd64 libxcb-render0 amd64 1.17.0-2ubuntu1 [16.2 kB]
Get:100 http://archive.ubuntu.com/ubuntu resolute/main amd64 libxcb-shm0 amd64 1.17.0-2ubuntu1 [5808 B]
Get:101 http://archive.ubuntu.com/ubuntu resolute/main amd64 libxrender1 amd64 1:0.9.12-1build1 [19.2 kB]
Get:102 http://archive.ubuntu.com/ubuntu resolute/main amd64 libcairo2 amd64 1.18.4-3 [579 kB]
Get:103 http://archive.ubuntu.com/ubuntu resolute/main amd64 libsharpyuv0 amd64 1.5.0-0.1build1 [17.6 kB]
Get:104 http://archive.ubuntu.com/ubuntu resolute/main amd64 libaom3 amd64 3.13.1-2 [1970 kB]
Get:105 http://archive.ubuntu.com/ubuntu resolute-updates/main amd64 libheif-plugin-aomdec amd64 1.21.2-3ubuntu0.4 [14.7 kB]
Get:106 http://archive.ubuntu.com/ubuntu resolute-updates/main amd64 libheif1 amd64 1.21.2-3ubuntu0.4 [546 kB]
Get:107 http://archive.ubuntu.com/ubuntu resolute/main amd64 libhwy1t64 amd64 1.3.0-2 [768 kB]
Get:108 http://archive.ubuntu.com/ubuntu resolute-updates/main amd64 liblcms2-2 amd64 2.17-1ubuntu0.2 [169 kB]
Get:109 http://archive.ubuntu.com/ubuntu resolute-updates/main amd64 libjxl0.11 amd64 0.11.1-6ubuntu4.2 [1269 kB]
Get:110 http://archive.ubuntu.com/ubuntu resolute/main amd64 libcairo-gobject2 amd64 1.18.4-3 [127 kB]
Get:111 http://archive.ubuntu.com/ubuntu resolute/main amd64 fontconfig amd64 2.17.1-3ubuntu1 [180 kB]
Get:112 http://archive.ubuntu.com/ubuntu resolute-updates/main amd64 libgraphite2-3 amd64 1.3.14-11ubuntu1.1 [72.9 kB]
Get:113 http://archive.ubuntu.com/ubuntu resolute/main amd64 libharfbuzz0b amd64 12.3.2-2 [519 kB]
Get:114 http://archive.ubuntu.com/ubuntu resolute/main amd64 libthai-data all 0.1.30-1 [155 kB]
Get:115 http://archive.ubuntu.com/ubuntu resolute/main amd64 libdatrie1 amd64 0.2.14-1 [19.8 kB]
Get:116 http://archive.ubuntu.com/ubuntu resolute/main amd64 libthai0 amd64 0.1.30-1 [19.2 kB]
Get:117 http://archive.ubuntu.com/ubuntu resolute/main amd64 libpango-1.0-0 amd64 1.57.0-1 [241 kB]
Get:118 http://archive.ubuntu.com/ubuntu resolute/main amd64 libpangoft2-1.0-0 amd64 1.57.0-1 [53.3 kB]
Get:119 http://archive.ubuntu.com/ubuntu resolute/main amd64 libpangocairo-1.0-0 amd64 1.57.0-1 [29.0 kB]
Get:120 http://archive.ubuntu.com/ubuntu resolute/main amd64 librsvg2-2 amd64 2.61.3+dfsg-3 [1865 kB]
Get:121 http://archive.ubuntu.com/ubuntu resolute/main amd64 glycin-loaders amd64 2.1.1+ds-0ubuntu1 [2979 kB]
Get:122 http://archive.ubuntu.com/ubuntu resolute/main amd64 libglycin-2-0 amd64 2.1.1+ds-0ubuntu1 [1484 kB]
Get:123 http://archive.ubuntu.com/ubuntu resolute/main amd64 glycin-thumbnailers amd64 2.1.1+ds-0ubuntu1 [223 kB]
Get:124 http://archive.ubuntu.com/ubuntu resolute/main amd64 libgdk-pixbuf2.0-common all 2.44.5+dfsg-4ubuntu1 [5754 B]
Get:125 http://archive.ubuntu.com/ubuntu resolute/main amd64 libgdk-pixbuf-2.0-0 amd64 2.44.5+dfsg-4ubuntu1 [101 kB]
Get:126 http://archive.ubuntu.com/ubuntu resolute-updates/main amd64 gtk-update-icon-cache amd64 4.22.4+ds-0ubuntu0.1 [42.7 kB]
Get:127 http://archive.ubuntu.com/ubuntu resolute/main amd64 hicolor-icon-theme all 0.18-2build1 [13.2 kB]
Get:128 http://archive.ubuntu.com/ubuntu resolute/main amd64 adwaita-icon-theme all 50.0-1 [580 kB]
Get:129 http://archive.ubuntu.com/ubuntu resolute/main amd64 alsa-topology-conf all 1.2.5.1-3build1 [15.6 kB]
Get:130 http://archive.ubuntu.com/ubuntu resolute-updates/main amd64 libasound2-data all 1.2.15.3-1ubuntu1.1 [19.6 kB]
Get:131 http://archive.ubuntu.com/ubuntu resolute-updates/main amd64 libasound2t64 amd64 1.2.15.3-1ubuntu1.1 [416 kB]
Get:132 http://archive.ubuntu.com/ubuntu resolute-updates/main amd64 alsa-ucm-conf all 1.2.15.3-1ubuntu1.5 [106 kB]
Get:133 http://archive.ubuntu.com/ubuntu resolute/main amd64 libaspell15 amd64 0.60.8.2-3 [333 kB]
Get:134 http://archive.ubuntu.com/ubuntu resolute/main amd64 emacsen-common all 3.0.8build1 [14.0 kB]
Get:135 http://archive.ubuntu.com/ubuntu resolute/main amd64 dictionaries-common all 1.31.4 [177 kB]
Get:136 http://archive.ubuntu.com/ubuntu resolute/main amd64 aspell amd64 0.60.8.2-3 [89.7 kB]
Get:137 http://archive.ubuntu.com/ubuntu resolute/main amd64 aspell-en all 2020.12.07-0-1.1build1 [303 kB]
Get:138 http://archive.ubuntu.com/ubuntu resolute-updates/main amd64 at-spi2-common all 2.60.4-0ubuntu0.1 [6604 B]
Get:139 http://archive.ubuntu.com/ubuntu resolute/main amd64 libxi6 amd64 2:1.8.2-2 [33.1 kB]
Get:140 http://archive.ubuntu.com/ubuntu resolute/main amd64 libxres1 amd64 2:1.2.1-1build2 [7036 B]
Get:141 http://archive.ubuntu.com/ubuntu resolute-updates/main amd64 libatspi2.0-0t64 amd64 2.60.4-0ubuntu0.1 [85.5 kB]
Get:142 http://archive.ubuntu.com/ubuntu resolute/main amd64 x11-common all 1:7.7+26ubuntu1 [22.5 kB]
Get:143 http://archive.ubuntu.com/ubuntu resolute/main amd64 libxtst6 amd64 2:1.2.5-1build1 [13.1 kB]
Get:144 http://archive.ubuntu.com/ubuntu resolute/main amd64 libdconf1 amd64 0.49.0-4 [40.5 kB]
Get:145 http://archive.ubuntu.com/ubuntu resolute/main amd64 dconf-service amd64 0.49.0-4 [27.7 kB]
Get:146 http://archive.ubuntu.com/ubuntu resolute/main amd64 dconf-gsettings-backend amd64 0.49.0-4 [22.2 kB]
Get:147 http://archive.ubuntu.com/ubuntu resolute/main amd64 user-session-migration amd64 0.5.1 [10.7 kB]
Get:148 http://archive.ubuntu.com/ubuntu resolute/main amd64 gsettings-desktop-schemas all 50.0-1ubuntu2 [37.8 kB]
Get:149 http://archive.ubuntu.com/ubuntu resolute-updates/main amd64 at-spi2-core amd64 2.60.4-0ubuntu0.1 [59.6 kB]
Get:150 http://archive.ubuntu.com/ubuntu resolute/main amd64 hunspell-en-us all 1:2020.12.07-4build1 [585 kB]
Get:151 http://archive.ubuntu.com/ubuntu resolute/main amd64 libhunspell-1.7-0 amd64 1.7.2+really1.7.2-11 [316 kB]
Get:152 http://archive.ubuntu.com/ubuntu resolute/main amd64 libenchant-2-2 amd64 2.8.2+dfsg1-3build1 [59.2 kB]
Get:153 http://archive.ubuntu.com/ubuntu resolute/main amd64 enchant-2 amd64 2.8.2+dfsg1-3build1 [19.1 kB]
Get:154 http://archive.ubuntu.com/ubuntu resolute/main amd64 libicu78 amd64 78.2-2ubuntu1 [11.5 MB]
Get:155 http://archive.ubuntu.com/ubuntu resolute-updates/main amd64 libjavascriptcoregtk-4.1-0 amd64 2.52.6-0ubuntu0.26.04.1 [8088 kB]
Get:156 http://archive.ubuntu.com/ubuntu resolute/main amd64 libcdparanoia0 amd64 3.10.2+debian-14ubuntu2 [48.3 kB]
Get:157 http://archive.ubuntu.com/ubuntu resolute/main amd64 libgstreamer1.0-0 amd64 1.28.2-1 [1218 kB]
Get:158 http://archive.ubuntu.com/ubuntu resolute/main amd64 liborc-0.4-0t64 amd64 1:0.4.42-2 [283 kB]
Get:159 http://archive.ubuntu.com/ubuntu resolute/main amd64 libgstreamer-plugins-base1.0-0 amd64 1.28.2-1 [921 kB]
Get:160 http://archive.ubuntu.com/ubuntu resolute/main amd64 libogg0 amd64 1.3.6-2 [23.4 kB]
Get:161 http://archive.ubuntu.com/ubuntu resolute/main amd64 libopus0 amd64 1.6.1-1 [3564 kB]
Get:162 http://archive.ubuntu.com/ubuntu resolute/main amd64 libtheoradec2 amd64 1.2.0+dfsg-6 [55.6 kB]
Get:163 http://archive.ubuntu.com/ubuntu resolute/main amd64 libtheoraenc2 amd64 1.2.0+dfsg-6 [106 kB]
Get:164 http://archive.ubuntu.com/ubuntu resolute/main amd64 libvisual-0.4-0 amd64 0.4.2-4 [117 kB]
Get:165 http://archive.ubuntu.com/ubuntu resolute/main amd64 libvorbis0a amd64 1.3.7-3build2 [101 kB]
Get:166 http://archive.ubuntu.com/ubuntu resolute/main amd64 libvorbisenc2 amd64 1.3.7-3build2 [79.6 kB]
Get:167 http://archive.ubuntu.com/ubuntu resolute/main amd64 gstreamer1.0-plugins-base amd64 1.28.2-1 [750 kB]
Get:168 http://archive.ubuntu.com/ubuntu resolute/main amd64 libaa1 amd64 1.4p5-51.1build1 [50.8 kB]
Get:169 http://archive.ubuntu.com/ubuntu resolute/main amd64 libraw1394-11 amd64 2.1.2-2build4 [26.1 kB]
Get:170 http://archive.ubuntu.com/ubuntu resolute/main amd64 libavc1394-0 amd64 0.5.4-5build4 [15.4 kB]
Get:171 http://archive.ubuntu.com/ubuntu resolute-updates/main amd64 libcaca0 amd64 0.99.beta20-6ubuntu2.1 [205 kB]
Get:172 http://archive.ubuntu.com/ubuntu resolute/main amd64 libdv4t64 amd64 1.0.0-17.1build2 [64.3 kB]
Get:173 http://archive.ubuntu.com/ubuntu resolute/main amd64 libflac14 amd64 1.5.0+ds-5 [168 kB]
Get:174 http://archive.ubuntu.com/ubuntu resolute/main amd64 libgudev-1.0-0 amd64 1:238-7build1 [15.9 kB]
Get:175 http://archive.ubuntu.com/ubuntu resolute/main amd64 libiec61883-0 amd64 1.2.0-8 [25.7 kB]
Get:176 http://archive.ubuntu.com/ubuntu resolute/main amd64 libjpeg-turbo8 amd64 2.1.5-4ubuntu4 [153 kB]
Get:177 http://archive.ubuntu.com/ubuntu resolute/main amd64 libjpeg8 amd64 8c-2ubuntu12 [2142 B]
Get:178 http://archive.ubuntu.com/ubuntu resolute/main amd64 libmpg123-0t64 amd64 1.33.3-2 [176 kB]
Get:179 http://archive.ubuntu.com/ubuntu resolute/main amd64 libmp3lame0 amd64 3.101~svn6525+dfsg-2 [121 kB]
Get:180 http://archive.ubuntu.com/ubuntu resolute/main amd64 libasyncns0 amd64 0.8-7 [12.4 kB]
Get:181 http://archive.ubuntu.com/ubuntu resolute/main amd64 libsndfile1 amd64 1.2.2-4 [219 kB]
Get:182 http://archive.ubuntu.com/ubuntu resolute/main amd64 libx11-xcb1 amd64 2:1.8.13-1 [7960 B]
Get:183 http://archive.ubuntu.com/ubuntu resolute/main amd64 libpulse0 amd64 1:17.0+dfsg1-2ubuntu4 [293 kB]
Get:184 http://archive.ubuntu.com/ubuntu resolute/main amd64 libspeex1 amd64 1.2.1-3build1 [63.3 kB]
Get:185 http://archive.ubuntu.com/ubuntu resolute/main amd64 libtheora1 amd64 1.2.0+dfsg-6 [140 kB]
Get:186 http://archive.ubuntu.com/ubuntu resolute/main amd64 libshout3 amd64 2.4.6-1build3 [50.9 kB]
Get:187 http://archive.ubuntu.com/ubuntu resolute/main amd64 libtag2 amd64 2.2.1-3 [422 kB]
Get:188 http://archive.ubuntu.com/ubuntu resolute/main amd64 libtwolame0 amd64 0.4.0-2build4 [52.6 kB]
Get:189 http://archive.ubuntu.com/ubuntu resolute/main amd64 libv4lconvert0t64 amd64 1.32.0-2ubuntu1 [90.1 kB]
Get:190 http://archive.ubuntu.com/ubuntu resolute/main amd64 libv4l-0t64 amd64 1.32.0-2ubuntu1 [159 kB]
Get:191 http://archive.ubuntu.com/ubuntu resolute/main amd64 libvpx12 amd64 1.16.0-3 [1244 kB]
Get:192 http://archive.ubuntu.com/ubuntu resolute/main amd64 libwavpack1 amd64 5.9.0-1 [92.3 kB]
Get:193 http://archive.ubuntu.com/ubuntu resolute/main amd64 libxdamage1 amd64 1:1.1.7-1 [6582 B]
Get:194 http://archive.ubuntu.com/ubuntu resolute/main amd64 libxfixes3 amd64 1:6.0.0-2build2 [11.1 kB]
Get:195 http://archive.ubuntu.com/ubuntu resolute/main amd64 libsasl2-modules-db amd64 2.1.28+dfsg1-9ubuntu3 [21.1 kB]
Get:196 http://archive.ubuntu.com/ubuntu resolute/main amd64 libsasl2-2 amd64 2.1.28+dfsg1-9ubuntu3 [54.0 kB]
Get:197 http://archive.ubuntu.com/ubuntu resolute/main amd64 libldap-common all 2.6.10+dfsg-1ubuntu5 [36.0 kB]
Get:198 http://archive.ubuntu.com/ubuntu resolute/main amd64 libldap2 amd64 2.6.10+dfsg-1ubuntu5 [204 kB]
Get:199 http://archive.ubuntu.com/ubuntu resolute/main amd64 librtmp1 amd64 2.4+20151223.gitfa8646d.1-3 [59.0 kB]
Get:200 http://archive.ubuntu.com/ubuntu resolute-updates/main amd64 libssh2-1t64 amd64 1.11.1-1ubuntu0.26.04.4 [138 kB]
Get:201 http://archive.ubuntu.com/ubuntu resolute-updates/main amd64 libcurl3t64-gnutls amd64 8.18.0-1ubuntu2.5 [419 kB]
Get:202 http://archive.ubuntu.com/ubuntu resolute/main amd64 libduktape207 amd64 2.7.0+tests-0ubuntu4 [144 kB]
Get:203 http://archive.ubuntu.com/ubuntu resolute/main amd64 libproxy1v5 amd64 0.5.12-1 [28.3 kB]
Get:204 http://archive.ubuntu.com/ubuntu resolute/main amd64 glib-networking-common all 2.80.1-1build2 [6834 B]
Get:205 http://archive.ubuntu.com/ubuntu resolute/main amd64 glib-networking-services amd64 2.80.1-1build2 [13.1 kB]
Get:206 http://archive.ubuntu.com/ubuntu resolute/main amd64 glib-networking amd64 2.80.1-1build2 [64.8 kB]
Get:207 http://archive.ubuntu.com/ubuntu resolute/main amd64 libsoup-3.0-common all 3.6.6-1 [13.6 kB]
Get:208 http://archive.ubuntu.com/ubuntu resolute/main amd64 libsoup-3.0-0 amd64 3.6.6-1 [297 kB]
Get:209 http://archive.ubuntu.com/ubuntu resolute-updates/main amd64 gstreamer1.0-plugins-good amd64 1.28.2-2ubuntu0.1 [2311 kB]
Get:210 http://archive.ubuntu.com/ubuntu resolute/main amd64 libglvnd0 amd64 1.7.0-3 [64.1 kB]
Get:211 http://archive.ubuntu.com/ubuntu resolute/main amd64 libgles2 amd64 1.7.0-3 [17.5 kB]
Get:212 http://archive.ubuntu.com/ubuntu resolute/main amd64 xdg-dbus-proxy amd64 0.1.7-1 [26.0 kB]
Get:213 http://archive.ubuntu.com/ubuntu resolute-updates/main amd64 libatk1.0-0t64 amd64 2.60.4-0ubuntu0.1 [53.5 kB]
Get:214 http://archive.ubuntu.com/ubuntu resolute/main amd64 libepoxy0 amd64 1.5.10-2build1 [226 kB]
Get:215 http://archive.ubuntu.com/ubuntu resolute/main amd64 libdrm-amdgpu1 amd64 2.4.131-1 [23.2 kB]
Get:216 http://archive.ubuntu.com/ubuntu resolute-updates/main amd64 libpciaccess0 amd64 0.18.1-1ubuntu4.1 [19.0 kB]
Get:217 http://archive.ubuntu.com/ubuntu resolute/main amd64 libdrm-intel1 amd64 2.4.131-1 [66.7 kB]
Get:218 http://archive.ubuntu.com/ubuntu resolute/main amd64 libllvm21 amd64 1:21.1.8-6ubuntu1 [30.7 MB]
Get:219 http://archive.ubuntu.com/ubuntu resolute/main amd64 libxcb-dri3-0 amd64 1.17.0-2ubuntu1 [7540 B]
Get:220 http://archive.ubuntu.com/ubuntu resolute/main amd64 libxcb-present0 amd64 1.17.0-2ubuntu1 [6112 B]
Get:221 http://archive.ubuntu.com/ubuntu resolute/main amd64 libxcb-randr0 amd64 1.17.0-2ubuntu1 [17.9 kB]
Get:222 http://archive.ubuntu.com/ubuntu resolute/main amd64 libxcb-sync1 amd64 1.17.0-2ubuntu1 [9348 B]
Get:223 http://archive.ubuntu.com/ubuntu resolute/main amd64 libxcb-xfixes0 amd64 1.17.0-2ubuntu1 [10.2 kB]
Get:224 http://archive.ubuntu.com/ubuntu resolute/main amd64 libxshmfence1 amd64 1.3.3-1build1 [5284 B]
Get:225 http://archive.ubuntu.com/ubuntu resolute-updates/main amd64 mesa-libgallium amd64 26.0.8-1ubuntu0.3 [11.2 MB]
Get:226 http://archive.ubuntu.com/ubuntu resolute-updates/main amd64 libgbm1 amd64 26.0.8-1ubuntu0.3 [49.2 kB]
Get:227 http://archive.ubuntu.com/ubuntu resolute/main amd64 libwayland-client0 amd64 1.24.0-2 [28.5 kB]
Get:228 http://archive.ubuntu.com/ubuntu resolute-updates/main amd64 libegl-mesa0 amd64 26.0.8-1ubuntu0.3 [134 kB]
Get:229 http://archive.ubuntu.com/ubuntu resolute/main amd64 libegl1 amd64 1.7.0-3 [29.7 kB]
Get:230 http://archive.ubuntu.com/ubuntu resolute/main amd64 libvulkan1 amd64 1.4.341.0-1 [157 kB]
Get:231 http://archive.ubuntu.com/ubuntu resolute-updates/main amd64 libgl1-mesa-dri amd64 26.0.8-1ubuntu0.3 [38.2 kB]
Get:232 http://archive.ubuntu.com/ubuntu resolute/main amd64 libxcb-glx0 amd64 1.17.0-2ubuntu1 [24.7 kB]
Get:233 http://archive.ubuntu.com/ubuntu resolute/main amd64 libxxf86vm1 amd64 1:1.1.4-2 [10.6 kB]
Get:234 http://archive.ubuntu.com/ubuntu resolute-updates/main amd64 libglx-mesa0 amd64 26.0.8-1ubuntu0.3 [126 kB]
Get:235 http://archive.ubuntu.com/ubuntu resolute/main amd64 libglx0 amd64 1.7.0-3 [38.9 kB]
Get:236 http://archive.ubuntu.com/ubuntu resolute/main amd64 libgl1 amd64 1.7.0-3 [98.3 kB]
Get:237 http://archive.ubuntu.com/ubuntu resolute/main amd64 libwayland-cursor0 amd64 1.24.0-2 [10.8 kB]
Get:238 http://archive.ubuntu.com/ubuntu resolute/main amd64 libwayland-egl1 amd64 1.24.0-2 [6248 B]
Get:239 http://archive.ubuntu.com/ubuntu resolute/main amd64 libgstreamer-gl1.0-0 amd64 1.28.2-1 [230 kB]
Get:240 http://archive.ubuntu.com/ubuntu resolute-updates/main amd64 libatk-bridge2.0-0t64 amd64 2.60.4-0ubuntu0.1 [67.2 kB]
Get:241 http://archive.ubuntu.com/ubuntu resolute/main amd64 libcolord2 amd64 1.4.8-3 [150 kB]
Get:242 http://archive.ubuntu.com/ubuntu resolute-updates/main amd64 libavahi-common-data amd64 0.8-18ubuntu1.1 [27.2 kB]
Get:243 http://archive.ubuntu.com/ubuntu resolute-updates/main amd64 libavahi-common3 amd64 0.8-18ubuntu1.1 [23.6 kB]
Get:244 http://archive.ubuntu.com/ubuntu resolute-updates/main amd64 libavahi-client3 amd64 0.8-18ubuntu1.1 [27.2 kB]
Get:245 http://archive.ubuntu.com/ubuntu resolute-updates/main amd64 libcups2t64 amd64 2.4.16-1ubuntu1.3 [269 kB]
Get:246 http://archive.ubuntu.com/ubuntu resolute/main amd64 libxcomposite1 amd64 1:0.4.6-1build1 [6664 B]
Get:247 http://archive.ubuntu.com/ubuntu resolute/main amd64 libxcursor1 amd64 1:1.2.3-1build1 [22.1 kB]
Get:248 http://archive.ubuntu.com/ubuntu resolute/main amd64 libxinerama1 amd64 2:1.1.4-3build2 [6472 B]
Get:249 http://archive.ubuntu.com/ubuntu resolute/main amd64 libxrandr2 amd64 2:1.5.4-1build1 [19.6 kB]
Get:250 http://archive.ubuntu.com/ubuntu resolute/main amd64 libgtk-3-common all 3.24.52-0ubuntu1 [1424 kB]
Get:251 http://archive.ubuntu.com/ubuntu resolute/main amd64 libgtk-3-0t64 amd64 3.24.52-0ubuntu1 [3072 kB]
Get:252 http://archive.ubuntu.com/ubuntu resolute/main amd64 libharfbuzz-icu0 amd64 12.3.2-2 [11.8 kB]
Get:253 http://archive.ubuntu.com/ubuntu resolute/main amd64 libhyphen0 amd64 2.8.8-7build4 [26.7 kB]
Get:254 http://archive.ubuntu.com/ubuntu resolute/main amd64 libsecret-common all 0.21.7-2build1 [5608 B]
Get:255 http://archive.ubuntu.com/ubuntu resolute/main amd64 libsecret-1-0 amd64 0.21.7-2build1 [119 kB]
Get:256 http://archive.ubuntu.com/ubuntu resolute/main amd64 libwayland-server0 amd64 1.24.0-2 [35.9 kB]
Get:257 http://archive.ubuntu.com/ubuntu resolute/main amd64 libwebp7 amd64 1.5.0-0.1build1 [264 kB]
Get:258 http://archive.ubuntu.com/ubuntu resolute/main amd64 libwebpdemux2 amd64 1.5.0-0.1build1 [12.8 kB]
Get:259 http://archive.ubuntu.com/ubuntu resolute/main amd64 libwebpmux3 amd64 1.5.0-0.1build1 [26.4 kB]
Get:260 http://archive.ubuntu.com/ubuntu resolute/main amd64 libxslt1.1 amd64 1.1.45-0.1 [165 kB]
Get:261 http://archive.ubuntu.com/ubuntu resolute-updates/main amd64 libwebkit2gtk-4.1-0 amd64 2.52.6-0ubuntu0.26.04.1 [25.7 MB]
Get:262 http://archive.ubuntu.com/ubuntu resolute/main amd64 libgraphene-1.0-0 amd64 1.10.8-5build1 [46.2 kB]
Get:263 http://archive.ubuntu.com/ubuntu resolute/main amd64 gstreamer1.0-gl amd64 1.28.2-1 [129 kB]
Get:264 http://archive.ubuntu.com/ubuntu resolute/main amd64 libxv1 amd64 2:1.0.13-1 [10.8 kB]
Get:265 http://archive.ubuntu.com/ubuntu resolute/main amd64 gstreamer1.0-x amd64 1.28.2-1 [91.7 kB]
Get:266 http://archive.ubuntu.com/ubuntu resolute/main amd64 libibus-1.0-5 amd64 1.5.34~rc2-1 [181 kB]
Get:267 http://archive.ubuntu.com/ubuntu resolute/main amd64 ibus-gtk3 amd64 1.5.34~rc2-1 [19.7 kB]
Get:268 http://archive.ubuntu.com/ubuntu resolute/main amd64 libdisplay-info3 amd64 0.3.0-1 [87.8 kB]
Get:269 http://archive.ubuntu.com/ubuntu resolute/main amd64 libgomp1 amd64 16-20260322-1ubuntu1 [162 kB]
Get:270 http://archive.ubuntu.com/ubuntu resolute/main amd64 libfftw3-single3 amd64 3.3.10-2fakesync1build3 [865 kB]
Get:271 http://archive.ubuntu.com/ubuntu resolute/main amd64 libfontenc1 amd64 1:1.1.8-1build2 [14.1 kB]
Get:272 http://archive.ubuntu.com/ubuntu resolute/main amd64 libgtk-3-bin amd64 3.24.52-0ubuntu1 [73.9 kB]
Get:273 http://archive.ubuntu.com/ubuntu resolute-updates/main amd64 libheif-plugin-aomenc amd64 1.21.2-3ubuntu0.4 [21.0 kB]
Get:274 http://archive.ubuntu.com/ubuntu resolute/main amd64 libice6 amd64 2:1.1.1-1build1 [44.0 kB]
Get:275 http://archive.ubuntu.com/ubuntu resolute/main amd64 libjson-glib-1.0-common all 1.10.8+ds-2 [6142 B]
Get:276 http://archive.ubuntu.com/ubuntu resolute/main amd64 libjson-glib-1.0-0 amd64 1.10.8+ds-2 [69.8 kB]
Get:277 http://archive.ubuntu.com/ubuntu resolute/main amd64 libwebrtc-audio-processing-1-3 amd64 1.3-3build2 [411 kB]
Get:278 http://archive.ubuntu.com/ubuntu resolute-updates/main amd64 libspa-0.2-modules amd64 1.6.2-1ubuntu1.1 [1152 kB]
Get:279 http://archive.ubuntu.com/ubuntu resolute-updates/main amd64 libpipewire-0.3-0t64 amd64 1.6.2-1ubuntu1.1 [301 kB]
Get:280 http://archive.ubuntu.com/ubuntu resolute-updates/main amd64 libpipewire-0.3-common all 1.6.2-1ubuntu1.1 [12.1 kB]
Get:281 http://archive.ubuntu.com/ubuntu resolute/main amd64 librsvg2-common amd64 2.61.3+dfsg-3 [153 kB]
Get:282 http://archive.ubuntu.com/ubuntu resolute/main amd64 libsasl2-modules amd64 2.1.28+dfsg1-9ubuntu3 [71.3 kB]
Get:283 http://archive.ubuntu.com/ubuntu resolute/main amd64 libsm6 amd64 2:1.2.6-1build1 [16.9 kB]
Get:284 http://archive.ubuntu.com/ubuntu resolute/main amd64 libunwind8 amd64 1.8.3-0ubuntu1 [59.6 kB]
Get:285 http://archive.ubuntu.com/ubuntu resolute/main amd64 libxt6t64 amd64 1:1.2.1-1.3build1 [173 kB]
Get:286 http://archive.ubuntu.com/ubuntu resolute/main amd64 libxmu6 amd64 2:1.1.3-4 [48.9 kB]
Get:287 http://archive.ubuntu.com/ubuntu resolute-updates/main amd64 libxpm4 amd64 1:3.5.17-1ubuntu0.26.04.1 [37.2 kB]
Get:288 http://archive.ubuntu.com/ubuntu resolute/main amd64 libxaw7 amd64 2:1.0.16-1build1 [190 kB]
Get:289 http://archive.ubuntu.com/ubuntu resolute-updates/main amd64 libxfont2 amd64 1:2.0.6-2ubuntu0.2 [96.5 kB]
Get:290 http://archive.ubuntu.com/ubuntu resolute/main amd64 libxkbfile1 amd64 1:1.1.0-1build5 [70.1 kB]
Get:291 http://archive.ubuntu.com/ubuntu resolute-updates/main amd64 mesa-vulkan-drivers amd64 26.0.8-1ubuntu0.3 [19.1 MB]
Get:292 http://archive.ubuntu.com/ubuntu resolute-updates/main amd64 systemd-timesyncd amd64 259.5-0ubuntu3.4 [41.2 kB]
Get:293 http://archive.ubuntu.com/ubuntu resolute-updates/universe amd64 webkitgtk-webdriver amd64 2.52.6-0ubuntu0.26.04.1 [561 kB]
Get:294 http://archive.ubuntu.com/ubuntu resolute/main amd64 x11-xkb-utils amd64 7.7+9build1 [170 kB]
Get:295 http://archive.ubuntu.com/ubuntu resolute/main amd64 xdg-desktop-portal amd64 1.21.1+ds-1ubuntu3 [366 kB]
Get:296 http://archive.ubuntu.com/ubuntu resolute/main amd64 xdg-desktop-portal-gtk amd64 1.15.3-2ubuntu1 [81.6 kB]
Get:297 http://archive.ubuntu.com/ubuntu resolute/main amd64 xfonts-encodings all 1:1.0.5-0ubuntu3 [576 kB]
Get:298 http://archive.ubuntu.com/ubuntu resolute/main amd64 xfonts-utils amd64 1:7.7+7build1 [97.1 kB]
Get:299 http://archive.ubuntu.com/ubuntu resolute/main amd64 xfonts-base all 1:1.0.5+nmu1build1 [5940 kB]
Get:300 http://archive.ubuntu.com/ubuntu resolute/main amd64 xserver-common all 2:21.1.22-1ubuntu1 [29.7 kB]
Get:301 http://archive.ubuntu.com/ubuntu resolute/universe amd64 xvfb amd64 2:21.1.22-1ubuntu1 [898 kB]
Preconfiguring packages ...
Fetched 192 MB in 15s (13.2 MB/s)
Selecting previously unselected package libexpat1:amd64.
(Reading database ... (Reading database ... 5%(Reading database ... 10%(Reading database ... 15%(Reading database ... 20%(Reading database ... 25%(Reading database ... 30%(Reading database ... 35%(Reading database ... 40%(Reading database ... 45%(Reading database ... 50%(Reading database ... 55%(Reading database ... 60%(Reading database ... 65%(Reading database ... 70%(Reading database ... 75%(Reading database ... 80%(Reading database ... 85%(Reading database ... 90%(Reading database ... 95%(Reading database ... 100%(Reading database ... 7724 files and directories currently installed.)
Preparing to unpack .../libexpat1_2.7.4-1_amd64.deb ...
Unpacking libexpat1:amd64 (2.7.4-1) ...
Selecting previously unselected package libpython3.14-minimal:amd64.
Preparing to unpack .../libpython3.14-minimal_3.14.4-1ubuntu0.2_amd64.deb ...
Unpacking libpython3.14-minimal:amd64 (3.14.4-1ubuntu0.2) ...
Selecting previously unselected package python3.14-minimal.
Preparing to unpack .../python3.14-minimal_3.14.4-1ubuntu0.2_amd64.deb ...
Unpacking python3.14-minimal (3.14.4-1ubuntu0.2) ...
Setting up libpython3.14-minimal:amd64 (3.14.4-1ubuntu0.2) ...
Setting up libexpat1:amd64 (2.7.4-1) ...
Setting up python3.14-minimal (3.14.4-1ubuntu0.2) ...
Selecting previously unselected package python3-minimal.
(Reading database ... (Reading database ... 5%(Reading database ... 10%(Reading database ... 15%(Reading database ... 20%(Reading database ... 25%(Reading database ... 30%(Reading database ... 35%(Reading database ... 40%(Reading database ... 45%(Reading database ... 50%(Reading database ... 55%(Reading database ... 60%(Reading database ... 65%(Reading database ... 70%(Reading database ... 75%(Reading database ... 80%(Reading database ... 85%(Reading database ... 90%(Reading database ... 95%(Reading database ... 100%(Reading database ... 8078 files and directories currently installed.)
Preparing to unpack .../00-python3-minimal_3.14.3-0ubuntu2_amd64.deb ...
Unpacking python3-minimal (3.14.3-0ubuntu2) ...
Selecting previously unselected package media-types.
Preparing to unpack .../01-media-types_14.0.0build1_all.deb ...
Unpacking media-types (14.0.0build1) ...
Selecting previously unselected package netbase.
Preparing to unpack .../02-netbase_6.5build1_all.deb ...
Unpacking netbase (6.5build1) ...
Selecting previously unselected package tzdata.
Preparing to unpack .../03-tzdata_2026c-0ubuntu0.26.04.1_all.deb ...
Unpacking tzdata (2026c-0ubuntu0.26.04.1) ...
Selecting previously unselected package libffi8:amd64.
Preparing to unpack .../04-libffi8_3.5.2-4_amd64.deb ...
Unpacking libffi8:amd64 (3.5.2-4) ...
Selecting previously unselected package readline-common.
Preparing to unpack .../05-readline-common_8.3-4_all.deb ...
Unpacking readline-common (8.3-4) ...
Selecting previously unselected package libreadline8t64:amd64.
Preparing to unpack .../06-libreadline8t64_8.3-4_amd64.deb ...
Adding 'diversion of /lib/x86_64-linux-gnu/libhistory.so.8 to /lib/x86_64-linux-gnu/libhistory.so.8.usr-is-merged by libreadline8t64'
Adding 'diversion of /lib/x86_64-linux-gnu/libhistory.so.8.2 to /lib/x86_64-linux-gnu/libhistory.so.8.2.usr-is-merged by libreadline8t64'
Adding 'diversion of /lib/x86_64-linux-gnu/libreadline.so.8 to /lib/x86_64-linux-gnu/libreadline.so.8.usr-is-merged by libreadline8t64'
Adding 'diversion of /lib/x86_64-linux-gnu/libreadline.so.8.2 to /lib/x86_64-linux-gnu/libreadline.so.8.2.usr-is-merged by libreadline8t64'
Unpacking libreadline8t64:amd64 (8.3-4) ...
Selecting previously unselected package libsqlite3-0:amd64.
Preparing to unpack .../07-libsqlite3-0_3.46.1-9ubuntu0.2_amd64.deb ...
Unpacking libsqlite3-0:amd64 (3.46.1-9ubuntu0.2) ...
Selecting previously unselected package libpython3.14-stdlib:amd64.
Preparing to unpack .../08-libpython3.14-stdlib_3.14.4-1ubuntu0.2_amd64.deb ...
Unpacking libpython3.14-stdlib:amd64 (3.14.4-1ubuntu0.2) ...
Selecting previously unselected package python3.14.
Preparing to unpack .../09-python3.14_3.14.4-1ubuntu0.2_amd64.deb ...
Unpacking python3.14 (3.14.4-1ubuntu0.2) ...
Selecting previously unselected package libpython3-stdlib:amd64.
Preparing to unpack .../10-libpython3-stdlib_3.14.3-0ubuntu2_amd64.deb ...
Unpacking libpython3-stdlib:amd64 (3.14.3-0ubuntu2) ...
Setting up python3-minimal (3.14.3-0ubuntu2) ...
Selecting previously unselected package python3.
(Reading database ... (Reading database ... 5%(Reading database ... 10%(Reading database ... 15%(Reading database ... 20%(Reading database ... 25%(Reading database ... 30%(Reading database ... 35%(Reading database ... 40%(Reading database ... 45%(Reading database ... 50%(Reading database ... 55%(Reading database ... 60%(Reading database ... 65%(Reading database ... 70%(Reading database ... 75%(Reading database ... 80%(Reading database ... 85%(Reading database ... 90%(Reading database ... 95%(Reading database ... 100%(Reading database ... 9109 files and directories currently installed.)
Preparing to unpack .../python3_3.14.3-0ubuntu2_amd64.deb ...
Unpacking python3 (3.14.3-0ubuntu2) ...
Selecting previously unselected package libsystemd-shared:amd64.
Preparing to unpack .../libsystemd-shared_259.5-0ubuntu3.4_amd64.deb ...
Unpacking libsystemd-shared:amd64 (259.5-0ubuntu3.4) ...
Setting up libsystemd-shared:amd64 (259.5-0ubuntu3.4) ...
Selecting previously unselected package systemd.
(Reading database ... (Reading database ... 5%(Reading database ... 10%(Reading database ... 15%(Reading database ... 20%(Reading database ... 25%(Reading database ... 30%(Reading database ... 35%(Reading database ... 40%(Reading database ... 45%(Reading database ... 50%(Reading database ... 55%(Reading database ... 60%(Reading database ... 65%(Reading database ... 70%(Reading database ... 75%(Reading database ... 80%(Reading database ... 85%(Reading database ... 90%(Reading database ... 95%(Reading database ... 100%(Reading database ... 9138 files and directories currently installed.)
Preparing to unpack .../systemd_259.5-0ubuntu3.4_amd64.deb ...
Unpacking systemd (259.5-0ubuntu3.4) ...
Setting up systemd (259.5-0ubuntu3.4) ...
Created symlink '/etc/systemd/system/getty.target.wants/getty@tty1.service' → '/usr/lib/systemd/system/getty@.service'.
Created symlink '/etc/systemd/system/multi-user.target.wants/remote-fs.target' → '/usr/lib/systemd/system/remote-fs.target'.
Created symlink '/etc/systemd/system/sysinit.target.wants/systemd-pstore.service' → '/usr/lib/systemd/system/systemd-pstore.service'.
Initializing machine ID from random generator.
Creating group 'systemd-journal' with GID 999.
Creating group 'systemd-network' with GID 998.
Creating user 'systemd-network' (systemd Network Management) with UID 998 and GID 998.
Selecting previously unselected package systemd-sysv.
(Reading database ... (Reading database ... 5%(Reading database ... 10%(Reading database ... 15%(Reading database ... 20%(Reading database ... 25%(Reading database ... 30%(Reading database ... 35%(Reading database ... 40%(Reading database ... 45%(Reading database ... 50%(Reading database ... 55%(Reading database ... 60%(Reading database ... 65%(Reading database ... 70%(Reading database ... 75%(Reading database ... 80%(Reading database ... 85%(Reading database ... 90%(Reading database ... 95%(Reading database ... 100%(Reading database ... 10116 files and directories currently installed.)
Preparing to unpack .../systemd-sysv_259.5-0ubuntu3.4_amd64.deb ...
Unpacking systemd-sysv (259.5-0ubuntu3.4) ...
Selecting previously unselected package adduser.
Preparing to unpack .../adduser_3.153ubuntu1_all.deb ...
Unpacking adduser (3.153ubuntu1) ...
Setting up adduser (3.153ubuntu1) ...
Selecting previously unselected package openssl.
(Reading database ... (Reading database ... 5%(Reading database ... 10%(Reading database ... 15%(Reading database ... 20%(Reading database ... 25%(Reading database ... 30%(Reading database ... 35%(Reading database ... 40%(Reading database ... 45%(Reading database ... 50%(Reading database ... 55%(Reading database ... 60%(Reading database ... 65%(Reading database ... 70%(Reading database ... 75%(Reading database ... 80%(Reading database ... 85%(Reading database ... 90%(Reading database ... 95%(Reading database ... 100%(Reading database ... 10215 files and directories currently installed.)
Preparing to unpack .../000-openssl_3.5.5-1ubuntu3.5_amd64.deb ...
Unpacking openssl (3.5.5-1ubuntu3.5) ...
Selecting previously unselected package ca-certificates.
Preparing to unpack .../001-ca-certificates_20260601~26.04.1_all.deb ...
Unpacking ca-certificates (20260601~26.04.1) ...
Selecting previously unselected package libdbus-1-3:amd64.
Preparing to unpack .../002-libdbus-1-3_1.16.2-2ubuntu4_amd64.deb ...
Unpacking libdbus-1-3:amd64 (1.16.2-2ubuntu4) ...
Selecting previously unselected package dbus-bin.
Preparing to unpack .../003-dbus-bin_1.16.2-2ubuntu4_amd64.deb ...
Unpacking dbus-bin (1.16.2-2ubuntu4) ...
Selecting previously unselected package dbus-session-bus-common.
Preparing to unpack .../004-dbus-session-bus-common_1.16.2-2ubuntu4_all.deb ...
Unpacking dbus-session-bus-common (1.16.2-2ubuntu4) ...
Selecting previously unselected package libapparmor1:amd64.
Preparing to unpack .../005-libapparmor1_5.0.2-0ubuntu1~26.04.1_amd64.deb ...
Unpacking libapparmor1:amd64 (5.0.2-0ubuntu1~26.04.1) ...
Selecting previously unselected package dbus-daemon.
Preparing to unpack .../006-dbus-daemon_1.16.2-2ubuntu4_amd64.deb ...
Unpacking dbus-daemon (1.16.2-2ubuntu4) ...
Selecting previously unselected package dbus-system-bus-common.
Preparing to unpack .../007-dbus-system-bus-common_1.16.2-2ubuntu4_all.deb ...
Unpacking dbus-system-bus-common (1.16.2-2ubuntu4) ...
Selecting previously unselected package dbus.
Preparing to unpack .../008-dbus_1.16.2-2ubuntu4_amd64.deb ...
Unpacking dbus (1.16.2-2ubuntu4) ...
Selecting previously unselected package libpam-systemd:amd64.
Preparing to unpack .../009-libpam-systemd_259.5-0ubuntu3.4_amd64.deb ...
Unpacking libpam-systemd:amd64 (259.5-0ubuntu3.4) ...
Selecting previously unselected package dbus-user-session.
Preparing to unpack .../010-dbus-user-session_1.16.2-2ubuntu4_amd64.deb ...
Unpacking dbus-user-session (1.16.2-2ubuntu4) ...
Selecting previously unselected package libdevmapper1.02.1:amd64.
Preparing to unpack .../011-libdevmapper1.02.1_2%3a1.02.205-2ubuntu3_amd64.deb ...
Unpacking libdevmapper1.02.1:amd64 (2:1.02.205-2ubuntu3) ...
Selecting previously unselected package dmsetup.
Preparing to unpack .../012-dmsetup_2%3a1.02.205-2ubuntu3_amd64.deb ...
Unpacking dmsetup (2:1.02.205-2ubuntu3) ...
Selecting previously unselected package iso-codes.
Preparing to unpack .../013-iso-codes_4.20.1-1_all.deb ...
Unpacking iso-codes (4.20.1-1) ...
Selecting previously unselected package krb5-locales.
Preparing to unpack .../014-krb5-locales_1.22.1-2ubuntu4.1_all.deb ...
Unpacking krb5-locales (1.22.1-2ubuntu4.1) ...
Selecting previously unselected package libatomic1:amd64.
Preparing to unpack .../015-libatomic1_16-20260322-1ubuntu1_amd64.deb ...
Unpacking libatomic1:amd64 (16-20260322-1ubuntu1) ...
Selecting previously unselected package libcap2:amd64.
Preparing to unpack .../016-libcap2_1%3a2.75-10ubuntu2_amd64.deb ...
Unpacking libcap2:amd64 (1:2.75-10ubuntu2) ...
Selecting previously unselected package libcap2-bin.
Preparing to unpack .../017-libcap2-bin_1%3a2.75-10ubuntu2_amd64.deb ...
Unpacking libcap2-bin (1:2.75-10ubuntu2) ...
Selecting previously unselected package libjson-c5:amd64.
Preparing to unpack .../018-libjson-c5_0.18+ds-3_amd64.deb ...
Unpacking libjson-c5:amd64 (0.18+ds-3) ...
Selecting previously unselected package libcryptsetup12:amd64.
Preparing to unpack .../019-libcryptsetup12_2%3a2.8.4-1ubuntu4_amd64.deb ...
Unpacking libcryptsetup12:amd64 (2:2.8.4-1ubuntu4) ...
Selecting previously unselected package libedit2:amd64.
Preparing to unpack .../020-libedit2_3.1-20251016-1_amd64.deb ...
Unpacking libedit2:amd64 (3.1-20251016-1) ...
Selecting previously unselected package libelf1t64:amd64.
Preparing to unpack .../021-libelf1t64_0.194-4_amd64.deb ...
Unpacking libelf1t64:amd64 (0.194-4) ...
Selecting previously unselected package libfribidi0:amd64.
Preparing to unpack .../022-libfribidi0_1.0.16-5_amd64.deb ...
Unpacking libfribidi0:amd64 (1.0.16-5) ...
Selecting previously unselected package libglib2.0-0t64:amd64.
Preparing to unpack .../023-libglib2.0-0t64_2.88.0-1_amd64.deb ...
Unpacking libglib2.0-0t64:amd64 (2.88.0-1) ...
Selecting previously unselected package libglib2.0-data.
Preparing to unpack .../024-libglib2.0-data_2.88.0-1_all.deb ...
Unpacking libglib2.0-data (2.88.0-1) ...
Selecting previously unselected package libnettle8t64:amd64.
Preparing to unpack .../025-libnettle8t64_3.10.2-1_amd64.deb ...
Unpacking libnettle8t64:amd64 (3.10.2-1) ...
Selecting previously unselected package libhogweed6t64:amd64.
Preparing to unpack .../026-libhogweed6t64_3.10.2-1_amd64.deb ...
Unpacking libhogweed6t64:amd64 (3.10.2-1) ...
Selecting previously unselected package libunistring5:amd64.
Preparing to unpack .../027-libunistring5_1.3-2build1_amd64.deb ...
Unpacking libunistring5:amd64 (1.3-2build1) ...
Selecting previously unselected package libidn2-0:amd64.
Preparing to unpack .../028-libidn2-0_2.3.8-4build1_amd64.deb ...
Unpacking libidn2-0:amd64 (2.3.8-4build1) ...
Selecting previously unselected package libp11-kit0:amd64.
Preparing to unpack .../029-libp11-kit0_0.26.2-2_amd64.deb ...
Unpacking libp11-kit0:amd64 (0.26.2-2) ...
Selecting previously unselected package libtasn1-6:amd64.
Preparing to unpack .../030-libtasn1-6_4.21.0-2_amd64.deb ...
Unpacking libtasn1-6:amd64 (4.21.0-2) ...
Selecting previously unselected package libgnutls30t64:amd64.
Preparing to unpack .../031-libgnutls30t64_3.8.12-2ubuntu1.1_amd64.deb ...
Unpacking libgnutls30t64:amd64 (3.8.12-2ubuntu1.1) ...
Selecting previously unselected package libkrb5support0:amd64.
Preparing to unpack .../032-libkrb5support0_1.22.1-2ubuntu4.1_amd64.deb ...
Unpacking libkrb5support0:amd64 (1.22.1-2ubuntu4.1) ...
Selecting previously unselected package libk5crypto3:amd64.
Preparing to unpack .../033-libk5crypto3_1.22.1-2ubuntu4.1_amd64.deb ...
Unpacking libk5crypto3:amd64 (1.22.1-2ubuntu4.1) ...
Selecting previously unselected package libkeyutils1:amd64.
Preparing to unpack .../034-libkeyutils1_1.6.3-6ubuntu3_amd64.deb ...
Unpacking libkeyutils1:amd64 (1.6.3-6ubuntu3) ...
Selecting previously unselected package libkrb5-3:amd64.
Preparing to unpack .../035-libkrb5-3_1.22.1-2ubuntu4.1_amd64.deb ...
Unpacking libkrb5-3:amd64 (1.22.1-2ubuntu4.1) ...
Selecting previously unselected package libgssapi-krb5-2:amd64.
Preparing to unpack .../036-libgssapi-krb5-2_1.22.1-2ubuntu4.1_amd64.deb ...
Unpacking libgssapi-krb5-2:amd64 (1.22.1-2ubuntu4.1) ...
Selecting previously unselected package libkmod2:amd64.
Preparing to unpack .../037-libkmod2_34.2-2ubuntu2_amd64.deb ...
Unpacking libkmod2:amd64 (34.2-2ubuntu2) ...
Selecting previously unselected package libnss-systemd:amd64.
Preparing to unpack .../038-libnss-systemd_259.5-0ubuntu3.4_amd64.deb ...
Unpacking libnss-systemd:amd64 (259.5-0ubuntu3.4) ...
Selecting previously unselected package libpam-cap:amd64.
Preparing to unpack .../039-libpam-cap_1%3a2.75-10ubuntu2_amd64.deb ...
Unpacking libpam-cap:amd64 (1:2.75-10ubuntu2) ...
Selecting previously unselected package libslang2:amd64.
Preparing to unpack .../040-libslang2_2.3.3-5build1_amd64.deb ...
Unpacking libslang2:amd64 (2.3.3-5build1) ...
Selecting previously unselected package libtext-iconv-perl:amd64.
Preparing to unpack .../041-libtext-iconv-perl_1.7-8.1_amd64.deb ...
Unpacking libtext-iconv-perl:amd64 (1.7-8.1) ...
Selecting previously unselected package libxml2-16:amd64.
Preparing to unpack .../042-libxml2-16_2.15.2+dfsg-0.1ubuntu0.1_amd64.deb ...
Unpacking libxml2-16:amd64 (2.15.2+dfsg-0.1ubuntu0.1) ...
Selecting previously unselected package linux-sysctl-defaults.
Preparing to unpack .../043-linux-sysctl-defaults_4.15ubuntu5_all.deb ...
Unpacking linux-sysctl-defaults (4.15ubuntu5) ...
Selecting previously unselected package shared-mime-info.
Preparing to unpack .../044-shared-mime-info_2.4-5build3_amd64.deb ...
Unpacking shared-mime-info (2.4-5build3) ...
Selecting previously unselected package systemd-cryptsetup.
Preparing to unpack .../045-systemd-cryptsetup_259.5-0ubuntu3.4_amd64.deb ...
Unpacking systemd-cryptsetup (259.5-0ubuntu3.4) ...
Selecting previously unselected package systemd-resolved.
Preparing to unpack .../046-systemd-resolved_259.5-0ubuntu3.4_amd64.deb ...
Unpacking systemd-resolved (259.5-0ubuntu3.4) ...
Selecting previously unselected package xdg-user-dirs.
Preparing to unpack .../047-xdg-user-dirs_0.19-1_amd64.deb ...
Unpacking xdg-user-dirs (0.19-1) ...
Selecting previously unselected package xkb-data.
Preparing to unpack .../048-xkb-data_2.46-2_all.deb ...
Unpacking xkb-data (2.46-2) ...
Selecting previously unselected package libfuse3-4:amd64.
Preparing to unpack .../049-libfuse3-4_3.18.2-1_amd64.deb ...
Unpacking libfuse3-4:amd64 (3.18.2-1) ...
Selecting previously unselected package fuse3.
Preparing to unpack .../050-fuse3_3.18.2-1_amd64.deb ...
Adding 'diversion of /bin/fusermount to /bin/fusermount.usr-is-merged by fuse3'
Adding 'diversion of /sbin/mount.fuse to /sbin/mount.fuse.usr-is-merged by fuse3'
Unpacking fuse3 (3.18.2-1) ...
Selecting previously unselected package libdrm-common.
Preparing to unpack .../051-libdrm-common_2.4.131-1_all.deb ...
Unpacking libdrm-common (2.4.131-1) ...
Selecting previously unselected package libdrm2:amd64.
Preparing to unpack .../052-libdrm2_2.4.131-1_amd64.deb ...
Unpacking libdrm2:amd64 (2.4.131-1) ...
Selecting previously unselected package libgpm2:amd64.
Preparing to unpack .../053-libgpm2_1.20.7-12build1_amd64.deb ...
Unpacking libgpm2:amd64 (1.20.7-12build1) ...
Selecting previously unselected package libncurses6:amd64.
Preparing to unpack .../054-libncurses6_6.6+20251231-1_amd64.deb ...
Unpacking libncurses6:amd64 (6.6+20251231-1) ...
Selecting previously unselected package libnghttp2-14:amd64.
Preparing to unpack .../055-libnghttp2-14_1.68.0-2ubuntu0.2_amd64.deb ...
Unpacking libnghttp2-14:amd64 (1.68.0-2ubuntu0.2) ...
Selecting previously unselected package libpng16-16t64:amd64.
Preparing to unpack .../056-libpng16-16t64_1.6.57-1_amd64.deb ...
Unpacking libpng16-16t64:amd64 (1.6.57-1) ...
Selecting previously unselected package libpsl5t64:amd64.
Preparing to unpack .../057-libpsl5t64_0.21.2-1.1build2_amd64.deb ...
Unpacking libpsl5t64:amd64 (0.21.2-1.1build2) ...
Selecting previously unselected package libsensors-config.
Preparing to unpack .../058-libsensors-config_1%3a3.6.2-2build1_all.deb ...
Unpacking libsensors-config (1:3.6.2-2build1) ...
Selecting previously unselected package libsensors5:amd64.
Preparing to unpack .../059-libsensors5_1%3a3.6.2-2build1_amd64.deb ...
Unpacking libsensors5:amd64 (1:3.6.2-2build1) ...
Selecting previously unselected package libxau6:amd64.
Preparing to unpack .../060-libxau6_1%3a1.0.11-1build2_amd64.deb ...
Unpacking libxau6:amd64 (1:1.0.11-1build2) ...
Selecting previously unselected package libxdmcp6:amd64.
Preparing to unpack .../061-libxdmcp6_1%3a1.1.5-2_amd64.deb ...
Unpacking libxdmcp6:amd64 (1:1.1.5-2) ...
Selecting previously unselected package libxcb1:amd64.
Preparing to unpack .../062-libxcb1_1.17.0-2ubuntu1_amd64.deb ...
Unpacking libxcb1:amd64 (1.17.0-2ubuntu1) ...
Selecting previously unselected package libx11-data.
Preparing to unpack .../063-libx11-data_2%3a1.8.13-1_all.deb ...
Unpacking libx11-data (2:1.8.13-1) ...
Selecting previously unselected package libx11-6:amd64.
Preparing to unpack .../064-libx11-6_2%3a1.8.13-1_amd64.deb ...
Unpacking libx11-6:amd64 (2:1.8.13-1) ...
Selecting previously unselected package libxext6:amd64.
Preparing to unpack .../065-libxext6_2%3a1.3.4-1build3_amd64.deb ...
Unpacking libxext6:amd64 (2:1.3.4-1build3) ...
Selecting previously unselected package libxkbcommon0:amd64.
Preparing to unpack .../066-libxkbcommon0_1.13.1-1_amd64.deb ...
Unpacking libxkbcommon0:amd64 (1.13.1-1) ...
Selecting previously unselected package libxmuu1:amd64.
Preparing to unpack .../067-libxmuu1_2%3a1.1.3-4_amd64.deb ...
Unpacking libxmuu1:amd64 (2:1.1.3-4) ...
Selecting previously unselected package publicsuffix.
Preparing to unpack .../068-publicsuffix_20260129.1928-1_all.deb ...
Unpacking publicsuffix (20260129.1928-1) ...
Selecting previously unselected package xauth.
Preparing to unpack .../069-xauth_1%3a1.1.2-1.1build1_amd64.deb ...
Unpacking xauth (1:1.1.2-1.1build1) ...
Selecting previously unselected package bubblewrap.
Preparing to unpack .../070-bubblewrap_0.11.1-1ubuntu0.1_amd64.deb ...
Unpacking bubblewrap (0.11.1-1ubuntu0.1) ...
Selecting previously unselected package libbrotli1:amd64.
Preparing to unpack .../071-libbrotli1_1.2.0-3build1_amd64.deb ...
Unpacking libbrotli1:amd64 (1.2.0-3build1) ...
Selecting previously unselected package libfreetype6:amd64.
Preparing to unpack .../072-libfreetype6_2.14.2+dfsg-1ubuntu0.1_amd64.deb ...
Unpacking libfreetype6:amd64 (2.14.2+dfsg-1ubuntu0.1) ...
Selecting previously unselected package fonts-dejavu-mono.
Preparing to unpack .../073-fonts-dejavu-mono_2.37-8build1_all.deb ...
Unpacking fonts-dejavu-mono (2.37-8build1) ...
Selecting previously unselected package fonts-dejavu-core.
Preparing to unpack .../074-fonts-dejavu-core_2.37-8build1_all.deb ...
Unpacking fonts-dejavu-core (2.37-8build1) ...
Selecting previously unselected package fontconfig-config.
Preparing to unpack .../075-fontconfig-config_2.17.1-3ubuntu1_amd64.deb ...
Unpacking fontconfig-config (2.17.1-3ubuntu1) ...
Selecting previously unselected package libfontconfig1:amd64.
Preparing to unpack .../076-libfontconfig1_2.17.1-3ubuntu1_amd64.deb ...
Unpacking libfontconfig1:amd64 (2.17.1-3ubuntu1) ...
Selecting previously unselected package libpixman-1-0:amd64.
Preparing to unpack .../077-libpixman-1-0_0.46.4-1_amd64.deb ...
Unpacking libpixman-1-0:amd64 (0.46.4-1) ...
Selecting previously unselected package libxcb-render0:amd64.
Preparing to unpack .../078-libxcb-render0_1.17.0-2ubuntu1_amd64.deb ...
Unpacking libxcb-render0:amd64 (1.17.0-2ubuntu1) ...
Selecting previously unselected package libxcb-shm0:amd64.
Preparing to unpack .../079-libxcb-shm0_1.17.0-2ubuntu1_amd64.deb ...
Unpacking libxcb-shm0:amd64 (1.17.0-2ubuntu1) ...
Selecting previously unselected package libxrender1:amd64.
Preparing to unpack .../080-libxrender1_1%3a0.9.12-1build1_amd64.deb ...
Unpacking libxrender1:amd64 (1:0.9.12-1build1) ...
Selecting previously unselected package libcairo2:amd64.
Preparing to unpack .../081-libcairo2_1.18.4-3_amd64.deb ...
Unpacking libcairo2:amd64 (1.18.4-3) ...
Selecting previously unselected package libsharpyuv0:amd64.
Preparing to unpack .../082-libsharpyuv0_1.5.0-0.1build1_amd64.deb ...
Unpacking libsharpyuv0:amd64 (1.5.0-0.1build1) ...
Selecting previously unselected package libaom3:amd64.
Preparing to unpack .../083-libaom3_3.13.1-2_amd64.deb ...
Unpacking libaom3:amd64 (3.13.1-2) ...
Selecting previously unselected package libheif-plugin-aomdec:amd64.
Preparing to unpack .../084-libheif-plugin-aomdec_1.21.2-3ubuntu0.4_amd64.deb ...
Unpacking libheif-plugin-aomdec:amd64 (1.21.2-3ubuntu0.4) ...
Selecting previously unselected package libheif1:amd64.
Preparing to unpack .../085-libheif1_1.21.2-3ubuntu0.4_amd64.deb ...
Unpacking libheif1:amd64 (1.21.2-3ubuntu0.4) ...
Selecting previously unselected package libhwy1t64:amd64.
Preparing to unpack .../086-libhwy1t64_1.3.0-2_amd64.deb ...
Unpacking libhwy1t64:amd64 (1.3.0-2) ...
Selecting previously unselected package liblcms2-2:amd64.
Preparing to unpack .../087-liblcms2-2_2.17-1ubuntu0.2_amd64.deb ...
Unpacking liblcms2-2:amd64 (2.17-1ubuntu0.2) ...
Selecting previously unselected package libjxl0.11:amd64.
Preparing to unpack .../088-libjxl0.11_0.11.1-6ubuntu4.2_amd64.deb ...
Unpacking libjxl0.11:amd64 (0.11.1-6ubuntu4.2) ...
Selecting previously unselected package libcairo-gobject2:amd64.
Preparing to unpack .../089-libcairo-gobject2_1.18.4-3_amd64.deb ...
Unpacking libcairo-gobject2:amd64 (1.18.4-3) ...
Selecting previously unselected package fontconfig.
Preparing to unpack .../090-fontconfig_2.17.1-3ubuntu1_amd64.deb ...
Unpacking fontconfig (2.17.1-3ubuntu1) ...
Selecting previously unselected package libgraphite2-3:amd64.
Preparing to unpack .../091-libgraphite2-3_1.3.14-11ubuntu1.1_amd64.deb ...
Unpacking libgraphite2-3:amd64 (1.3.14-11ubuntu1.1) ...
Selecting previously unselected package libharfbuzz0b:amd64.
Preparing to unpack .../092-libharfbuzz0b_12.3.2-2_amd64.deb ...
Unpacking libharfbuzz0b:amd64 (12.3.2-2) ...
Selecting previously unselected package libthai-data.
Preparing to unpack .../093-libthai-data_0.1.30-1_all.deb ...
Unpacking libthai-data (0.1.30-1) ...
Selecting previously unselected package libdatrie1:amd64.
Preparing to unpack .../094-libdatrie1_0.2.14-1_amd64.deb ...
Unpacking libdatrie1:amd64 (0.2.14-1) ...
Selecting previously unselected package libthai0:amd64.
Preparing to unpack .../095-libthai0_0.1.30-1_amd64.deb ...
Unpacking libthai0:amd64 (0.1.30-1) ...
Selecting previously unselected package libpango-1.0-0:amd64.
Preparing to unpack .../096-libpango-1.0-0_1.57.0-1_amd64.deb ...
Unpacking libpango-1.0-0:amd64 (1.57.0-1) ...
Selecting previously unselected package libpangoft2-1.0-0:amd64.
Preparing to unpack .../097-libpangoft2-1.0-0_1.57.0-1_amd64.deb ...
Unpacking libpangoft2-1.0-0:amd64 (1.57.0-1) ...
Selecting previously unselected package libpangocairo-1.0-0:amd64.
Preparing to unpack .../098-libpangocairo-1.0-0_1.57.0-1_amd64.deb ...
Unpacking libpangocairo-1.0-0:amd64 (1.57.0-1) ...
Selecting previously unselected package librsvg2-2:amd64.
Preparing to unpack .../099-librsvg2-2_2.61.3+dfsg-3_amd64.deb ...
Unpacking librsvg2-2:amd64 (2.61.3+dfsg-3) ...
Selecting previously unselected package glycin-loaders.
Preparing to unpack .../100-glycin-loaders_2.1.1+ds-0ubuntu1_amd64.deb ...
Unpacking glycin-loaders (2.1.1+ds-0ubuntu1) ...
Selecting previously unselected package libglycin-2-0:amd64.
Preparing to unpack .../101-libglycin-2-0_2.1.1+ds-0ubuntu1_amd64.deb ...
Unpacking libglycin-2-0:amd64 (2.1.1+ds-0ubuntu1) ...
Selecting previously unselected package glycin-thumbnailers.
Preparing to unpack .../102-glycin-thumbnailers_2.1.1+ds-0ubuntu1_amd64.deb ...
Unpacking glycin-thumbnailers (2.1.1+ds-0ubuntu1) ...
Selecting previously unselected package libgdk-pixbuf2.0-common.
Preparing to unpack .../103-libgdk-pixbuf2.0-common_2.44.5+dfsg-4ubuntu1_all.deb ...
Unpacking libgdk-pixbuf2.0-common (2.44.5+dfsg-4ubuntu1) ...
Selecting previously unselected package libgdk-pixbuf-2.0-0:amd64.
Preparing to unpack .../104-libgdk-pixbuf-2.0-0_2.44.5+dfsg-4ubuntu1_amd64.deb ...
Unpacking libgdk-pixbuf-2.0-0:amd64 (2.44.5+dfsg-4ubuntu1) ...
Selecting previously unselected package gtk-update-icon-cache.
Preparing to unpack .../105-gtk-update-icon-cache_4.22.4+ds-0ubuntu0.1_amd64.deb ...
No diversion 'diversion of /usr/sbin/update-icon-caches to /usr/sbin/update-icon-caches.gtk2 by libgtk-3-bin', none removed.
No diversion 'diversion of /usr/share/man/man8/update-icon-caches.8.gz to /usr/share/man/man8/update-icon-caches.gtk2.8.gz by libgtk-3-bin', none removed.
Unpacking gtk-update-icon-cache (4.22.4+ds-0ubuntu0.1) ...
Selecting previously unselected package hicolor-icon-theme.
Preparing to unpack .../106-hicolor-icon-theme_0.18-2build1_all.deb ...
Unpacking hicolor-icon-theme (0.18-2build1) ...
Selecting previously unselected package adwaita-icon-theme.
Preparing to unpack .../107-adwaita-icon-theme_50.0-1_all.deb ...
Unpacking adwaita-icon-theme (50.0-1) ...
Selecting previously unselected package alsa-topology-conf.
Preparing to unpack .../108-alsa-topology-conf_1.2.5.1-3build1_all.deb ...
Unpacking alsa-topology-conf (1.2.5.1-3build1) ...
Selecting previously unselected package libasound2-data.
Preparing to unpack .../109-libasound2-data_1.2.15.3-1ubuntu1.1_all.deb ...
Unpacking libasound2-data (1.2.15.3-1ubuntu1.1) ...
Selecting previously unselected package libasound2t64:amd64.
Preparing to unpack .../110-libasound2t64_1.2.15.3-1ubuntu1.1_amd64.deb ...
Unpacking libasound2t64:amd64 (1.2.15.3-1ubuntu1.1) ...
Selecting previously unselected package alsa-ucm-conf.
Preparing to unpack .../111-alsa-ucm-conf_1.2.15.3-1ubuntu1.5_all.deb ...
Unpacking alsa-ucm-conf (1.2.15.3-1ubuntu1.5) ...
Selecting previously unselected package libaspell15:amd64.
Preparing to unpack .../112-libaspell15_0.60.8.2-3_amd64.deb ...
Unpacking libaspell15:amd64 (0.60.8.2-3) ...
Selecting previously unselected package emacsen-common.
Preparing to unpack .../113-emacsen-common_3.0.8build1_all.deb ...
Unpacking emacsen-common (3.0.8build1) ...
Selecting previously unselected package dictionaries-common.
Preparing to unpack .../114-dictionaries-common_1.31.4_all.deb ...
Adding 'diversion of /usr/share/dict/words to /usr/share/dict/words.pre-dictionaries-common by dictionaries-common'
Unpacking dictionaries-common (1.31.4) ...
Selecting previously unselected package aspell.
Preparing to unpack .../115-aspell_0.60.8.2-3_amd64.deb ...
Unpacking aspell (0.60.8.2-3) ...
Selecting previously unselected package aspell-en.
Preparing to unpack .../116-aspell-en_2020.12.07-0-1.1build1_all.deb ...
Unpacking aspell-en (2020.12.07-0-1.1build1) ...
Selecting previously unselected package at-spi2-common.
Preparing to unpack .../117-at-spi2-common_2.60.4-0ubuntu0.1_all.deb ...
Unpacking at-spi2-common (2.60.4-0ubuntu0.1) ...
Selecting previously unselected package libxi6:amd64.
Preparing to unpack .../118-libxi6_2%3a1.8.2-2_amd64.deb ...
Unpacking libxi6:amd64 (2:1.8.2-2) ...
Selecting previously unselected package libxres1:amd64.
Preparing to unpack .../119-libxres1_2%3a1.2.1-1build2_amd64.deb ...
Unpacking libxres1:amd64 (2:1.2.1-1build2) ...
Selecting previously unselected package libatspi2.0-0t64:amd64.
Preparing to unpack .../120-libatspi2.0-0t64_2.60.4-0ubuntu0.1_amd64.deb ...
Unpacking libatspi2.0-0t64:amd64 (2.60.4-0ubuntu0.1) ...
Selecting previously unselected package x11-common.
Preparing to unpack .../121-x11-common_1%3a7.7+26ubuntu1_all.deb ...
Unpacking x11-common (1:7.7+26ubuntu1) ...
Selecting previously unselected package libxtst6:amd64.
Preparing to unpack .../122-libxtst6_2%3a1.2.5-1build1_amd64.deb ...
Unpacking libxtst6:amd64 (2:1.2.5-1build1) ...
Selecting previously unselected package libdconf1:amd64.
Preparing to unpack .../123-libdconf1_0.49.0-4_amd64.deb ...
Unpacking libdconf1:amd64 (0.49.0-4) ...
Selecting previously unselected package dconf-service.
Preparing to unpack .../124-dconf-service_0.49.0-4_amd64.deb ...
Unpacking dconf-service (0.49.0-4) ...
Selecting previously unselected package dconf-gsettings-backend:amd64.
Preparing to unpack .../125-dconf-gsettings-backend_0.49.0-4_amd64.deb ...
Unpacking dconf-gsettings-backend:amd64 (0.49.0-4) ...
Selecting previously unselected package user-session-migration.
Preparing to unpack .../126-user-session-migration_0.5.1_amd64.deb ...
Unpacking user-session-migration (0.5.1) ...
Selecting previously unselected package gsettings-desktop-schemas.
Preparing to unpack .../127-gsettings-desktop-schemas_50.0-1ubuntu2_all.deb ...
Unpacking gsettings-desktop-schemas (50.0-1ubuntu2) ...
Selecting previously unselected package at-spi2-core.
Preparing to unpack .../128-at-spi2-core_2.60.4-0ubuntu0.1_amd64.deb ...
Unpacking at-spi2-core (2.60.4-0ubuntu0.1) ...
Selecting previously unselected package hunspell-en-us.
Preparing to unpack .../129-hunspell-en-us_1%3a2020.12.07-4build1_all.deb ...
Unpacking hunspell-en-us (1:2020.12.07-4build1) ...
Selecting previously unselected package libhunspell-1.7-0:amd64.
Preparing to unpack .../130-libhunspell-1.7-0_1.7.2+really1.7.2-11_amd64.deb ...
Unpacking libhunspell-1.7-0:amd64 (1.7.2+really1.7.2-11) ...
Selecting previously unselected package libenchant-2-2:amd64.
Preparing to unpack .../131-libenchant-2-2_2.8.2+dfsg1-3build1_amd64.deb ...
Unpacking libenchant-2-2:amd64 (2.8.2+dfsg1-3build1) ...
Selecting previously unselected package enchant-2.
Preparing to unpack .../132-enchant-2_2.8.2+dfsg1-3build1_amd64.deb ...
Unpacking enchant-2 (2.8.2+dfsg1-3build1) ...
Selecting previously unselected package libicu78:amd64.
Preparing to unpack .../133-libicu78_78.2-2ubuntu1_amd64.deb ...
Unpacking libicu78:amd64 (78.2-2ubuntu1) ...
Selecting previously unselected package libjavascriptcoregtk-4.1-0:amd64.
Preparing to unpack .../134-libjavascriptcoregtk-4.1-0_2.52.6-0ubuntu0.26.04.1_amd64.deb ...
Unpacking libjavascriptcoregtk-4.1-0:amd64 (2.52.6-0ubuntu0.26.04.1) ...
Selecting previously unselected package libcdparanoia0:amd64.
Preparing to unpack .../135-libcdparanoia0_3.10.2+debian-14ubuntu2_amd64.deb ...
Unpacking libcdparanoia0:amd64 (3.10.2+debian-14ubuntu2) ...
Selecting previously unselected package libgstreamer1.0-0:amd64.
Preparing to unpack .../136-libgstreamer1.0-0_1.28.2-1_amd64.deb ...
Unpacking libgstreamer1.0-0:amd64 (1.28.2-1) ...
Selecting previously unselected package liborc-0.4-0t64:amd64.
Preparing to unpack .../137-liborc-0.4-0t64_1%3a0.4.42-2_amd64.deb ...
Unpacking liborc-0.4-0t64:amd64 (1:0.4.42-2) ...
Selecting previously unselected package libgstreamer-plugins-base1.0-0:amd64.
Preparing to unpack .../138-libgstreamer-plugins-base1.0-0_1.28.2-1_amd64.deb ...
Unpacking libgstreamer-plugins-base1.0-0:amd64 (1.28.2-1) ...
Selecting previously unselected package libogg0:amd64.
Preparing to unpack .../139-libogg0_1.3.6-2_amd64.deb ...
Unpacking libogg0:amd64 (1.3.6-2) ...
Selecting previously unselected package libopus0:amd64.
Preparing to unpack .../140-libopus0_1.6.1-1_amd64.deb ...
Unpacking libopus0:amd64 (1.6.1-1) ...
Selecting previously unselected package libtheoradec2:amd64.
Preparing to unpack .../141-libtheoradec2_1.2.0+dfsg-6_amd64.deb ...
Unpacking libtheoradec2:amd64 (1.2.0+dfsg-6) ...
Selecting previously unselected package libtheoraenc2:amd64.
Preparing to unpack .../142-libtheoraenc2_1.2.0+dfsg-6_amd64.deb ...
Unpacking libtheoraenc2:amd64 (1.2.0+dfsg-6) ...
Selecting previously unselected package libvisual-0.4-0:amd64.
Preparing to unpack .../143-libvisual-0.4-0_0.4.2-4_amd64.deb ...
Unpacking libvisual-0.4-0:amd64 (0.4.2-4) ...
Selecting previously unselected package libvorbis0a:amd64.
Preparing to unpack .../144-libvorbis0a_1.3.7-3build2_amd64.deb ...
Unpacking libvorbis0a:amd64 (1.3.7-3build2) ...
Selecting previously unselected package libvorbisenc2:amd64.
Preparing to unpack .../145-libvorbisenc2_1.3.7-3build2_amd64.deb ...
Unpacking libvorbisenc2:amd64 (1.3.7-3build2) ...
Selecting previously unselected package gstreamer1.0-plugins-base:amd64.
Preparing to unpack .../146-gstreamer1.0-plugins-base_1.28.2-1_amd64.deb ...
Unpacking gstreamer1.0-plugins-base:amd64 (1.28.2-1) ...
Selecting previously unselected package libaa1:amd64.
Preparing to unpack .../147-libaa1_1.4p5-51.1build1_amd64.deb ...
Unpacking libaa1:amd64 (1.4p5-51.1build1) ...
Selecting previously unselected package libraw1394-11:amd64.
Preparing to unpack .../148-libraw1394-11_2.1.2-2build4_amd64.deb ...
Unpacking libraw1394-11:amd64 (2.1.2-2build4) ...
Selecting previously unselected package libavc1394-0:amd64.
Preparing to unpack .../149-libavc1394-0_0.5.4-5build4_amd64.deb ...
Unpacking libavc1394-0:amd64 (0.5.4-5build4) ...
Selecting previously unselected package libcaca0:amd64.
Preparing to unpack .../150-libcaca0_0.99.beta20-6ubuntu2.1_amd64.deb ...
Unpacking libcaca0:amd64 (0.99.beta20-6ubuntu2.1) ...
Selecting previously unselected package libdv4t64:amd64.
Preparing to unpack .../151-libdv4t64_1.0.0-17.1build2_amd64.deb ...
Unpacking libdv4t64:amd64 (1.0.0-17.1build2) ...
Selecting previously unselected package libflac14:amd64.
Preparing to unpack .../152-libflac14_1.5.0+ds-5_amd64.deb ...
Unpacking libflac14:amd64 (1.5.0+ds-5) ...
Selecting previously unselected package libgudev-1.0-0:amd64.
Preparing to unpack .../153-libgudev-1.0-0_1%3a238-7build1_amd64.deb ...
Unpacking libgudev-1.0-0:amd64 (1:238-7build1) ...
Selecting previously unselected package libiec61883-0:amd64.
Preparing to unpack .../154-libiec61883-0_1.2.0-8_amd64.deb ...
Unpacking libiec61883-0:amd64 (1.2.0-8) ...
Selecting previously unselected package libjpeg-turbo8:amd64.
Preparing to unpack .../155-libjpeg-turbo8_2.1.5-4ubuntu4_amd64.deb ...
Unpacking libjpeg-turbo8:amd64 (2.1.5-4ubuntu4) ...
Selecting previously unselected package libjpeg8:amd64.
Preparing to unpack .../156-libjpeg8_8c-2ubuntu12_amd64.deb ...
Unpacking libjpeg8:amd64 (8c-2ubuntu12) ...
Selecting previously unselected package libmpg123-0t64:amd64.
Preparing to unpack .../157-libmpg123-0t64_1.33.3-2_amd64.deb ...
Unpacking libmpg123-0t64:amd64 (1.33.3-2) ...
Selecting previously unselected package libmp3lame0:amd64.
Preparing to unpack .../158-libmp3lame0_3.101~svn6525+dfsg-2_amd64.deb ...
Unpacking libmp3lame0:amd64 (3.101~svn6525+dfsg-2) ...
Selecting previously unselected package libasyncns0:amd64.
Preparing to unpack .../159-libasyncns0_0.8-7_amd64.deb ...
Unpacking libasyncns0:amd64 (0.8-7) ...
Selecting previously unselected package libsndfile1:amd64.
Preparing to unpack .../160-libsndfile1_1.2.2-4_amd64.deb ...
Unpacking libsndfile1:amd64 (1.2.2-4) ...
Selecting previously unselected package libx11-xcb1:amd64.
Preparing to unpack .../161-libx11-xcb1_2%3a1.8.13-1_amd64.deb ...
Unpacking libx11-xcb1:amd64 (2:1.8.13-1) ...
Selecting previously unselected package libpulse0:amd64.
Preparing to unpack .../162-libpulse0_1%3a17.0+dfsg1-2ubuntu4_amd64.deb ...
Unpacking libpulse0:amd64 (1:17.0+dfsg1-2ubuntu4) ...
Selecting previously unselected package libspeex1:amd64.
Preparing to unpack .../163-libspeex1_1.2.1-3build1_amd64.deb ...
Unpacking libspeex1:amd64 (1.2.1-3build1) ...
Selecting previously unselected package libtheora1:amd64.
Preparing to unpack .../164-libtheora1_1.2.0+dfsg-6_amd64.deb ...
Unpacking libtheora1:amd64 (1.2.0+dfsg-6) ...
Selecting previously unselected package libshout3:amd64.
Preparing to unpack .../165-libshout3_2.4.6-1build3_amd64.deb ...
Unpacking libshout3:amd64 (2.4.6-1build3) ...
Selecting previously unselected package libtag2:amd64.
Preparing to unpack .../166-libtag2_2.2.1-3_amd64.deb ...
Unpacking libtag2:amd64 (2.2.1-3) ...
Selecting previously unselected package libtwolame0:amd64.
Preparing to unpack .../167-libtwolame0_0.4.0-2build4_amd64.deb ...
Unpacking libtwolame0:amd64 (0.4.0-2build4) ...
Selecting previously unselected package libv4lconvert0t64:amd64.
Preparing to unpack .../168-libv4lconvert0t64_1.32.0-2ubuntu1_amd64.deb ...
Unpacking libv4lconvert0t64:amd64 (1.32.0-2ubuntu1) ...
Selecting previously unselected package libv4l-0t64:amd64.
Preparing to unpack .../169-libv4l-0t64_1.32.0-2ubuntu1_amd64.deb ...
Unpacking libv4l-0t64:amd64 (1.32.0-2ubuntu1) ...
Selecting previously unselected package libvpx12:amd64.
Preparing to unpack .../170-libvpx12_1.16.0-3_amd64.deb ...
Unpacking libvpx12:amd64 (1.16.0-3) ...
Selecting previously unselected package libwavpack1:amd64.
Preparing to unpack .../171-libwavpack1_5.9.0-1_amd64.deb ...
Unpacking libwavpack1:amd64 (5.9.0-1) ...
Selecting previously unselected package libxdamage1:amd64.
Preparing to unpack .../172-libxdamage1_1%3a1.1.7-1_amd64.deb ...
Unpacking libxdamage1:amd64 (1:1.1.7-1) ...
Selecting previously unselected package libxfixes3:amd64.
Preparing to unpack .../173-libxfixes3_1%3a6.0.0-2build2_amd64.deb ...
Unpacking libxfixes3:amd64 (1:6.0.0-2build2) ...
Selecting previously unselected package libsasl2-modules-db:amd64.
Preparing to unpack .../174-libsasl2-modules-db_2.1.28+dfsg1-9ubuntu3_amd64.deb ...
Unpacking libsasl2-modules-db:amd64 (2.1.28+dfsg1-9ubuntu3) ...
Selecting previously unselected package libsasl2-2:amd64.
Preparing to unpack .../175-libsasl2-2_2.1.28+dfsg1-9ubuntu3_amd64.deb ...
Unpacking libsasl2-2:amd64 (2.1.28+dfsg1-9ubuntu3) ...
Selecting previously unselected package libldap-common.
Preparing to unpack .../176-libldap-common_2.6.10+dfsg-1ubuntu5_all.deb ...
Unpacking libldap-common (2.6.10+dfsg-1ubuntu5) ...
Selecting previously unselected package libldap2:amd64.
Preparing to unpack .../177-libldap2_2.6.10+dfsg-1ubuntu5_amd64.deb ...
Unpacking libldap2:amd64 (2.6.10+dfsg-1ubuntu5) ...
Selecting previously unselected package librtmp1:amd64.
Preparing to unpack .../178-librtmp1_2.4+20151223.gitfa8646d.1-3_amd64.deb ...
Unpacking librtmp1:amd64 (2.4+20151223.gitfa8646d.1-3) ...
Selecting previously unselected package libssh2-1t64:amd64.
Preparing to unpack .../179-libssh2-1t64_1.11.1-1ubuntu0.26.04.4_amd64.deb ...
Unpacking libssh2-1t64:amd64 (1.11.1-1ubuntu0.26.04.4) ...
Selecting previously unselected package libcurl3t64-gnutls:amd64.
Preparing to unpack .../180-libcurl3t64-gnutls_8.18.0-1ubuntu2.5_amd64.deb ...
Unpacking libcurl3t64-gnutls:amd64 (8.18.0-1ubuntu2.5) ...
Selecting previously unselected package libduktape207:amd64.
Preparing to unpack .../181-libduktape207_2.7.0+tests-0ubuntu4_amd64.deb ...
Unpacking libduktape207:amd64 (2.7.0+tests-0ubuntu4) ...
Selecting previously unselected package libproxy1v5:amd64.
Preparing to unpack .../182-libproxy1v5_0.5.12-1_amd64.deb ...
Unpacking libproxy1v5:amd64 (0.5.12-1) ...
Selecting previously unselected package glib-networking-common.
Preparing to unpack .../183-glib-networking-common_2.80.1-1build2_all.deb ...
Unpacking glib-networking-common (2.80.1-1build2) ...
Selecting previously unselected package glib-networking-services.
Preparing to unpack .../184-glib-networking-services_2.80.1-1build2_amd64.deb ...
Unpacking glib-networking-services (2.80.1-1build2) ...
Selecting previously unselected package glib-networking:amd64.
Preparing to unpack .../185-glib-networking_2.80.1-1build2_amd64.deb ...
Unpacking glib-networking:amd64 (2.80.1-1build2) ...
Selecting previously unselected package libsoup-3.0-common.
Preparing to unpack .../186-libsoup-3.0-common_3.6.6-1_all.deb ...
Unpacking libsoup-3.0-common (3.6.6-1) ...
Selecting previously unselected package libsoup-3.0-0:amd64.
Preparing to unpack .../187-libsoup-3.0-0_3.6.6-1_amd64.deb ...
Unpacking libsoup-3.0-0:amd64 (3.6.6-1) ...
Selecting previously unselected package gstreamer1.0-plugins-good:amd64.
Preparing to unpack .../188-gstreamer1.0-plugins-good_1.28.2-2ubuntu0.1_amd64.deb ...
Unpacking gstreamer1.0-plugins-good:amd64 (1.28.2-2ubuntu0.1) ...
Selecting previously unselected package libglvnd0:amd64.
Preparing to unpack .../189-libglvnd0_1.7.0-3_amd64.deb ...
Unpacking libglvnd0:amd64 (1.7.0-3) ...
Selecting previously unselected package libgles2:amd64.
Preparing to unpack .../190-libgles2_1.7.0-3_amd64.deb ...
Unpacking libgles2:amd64 (1.7.0-3) ...
Selecting previously unselected package xdg-dbus-proxy.
Preparing to unpack .../191-xdg-dbus-proxy_0.1.7-1_amd64.deb ...
Unpacking xdg-dbus-proxy (0.1.7-1) ...
Selecting previously unselected package libatk1.0-0t64:amd64.
Preparing to unpack .../192-libatk1.0-0t64_2.60.4-0ubuntu0.1_amd64.deb ...
Unpacking libatk1.0-0t64:amd64 (2.60.4-0ubuntu0.1) ...
Selecting previously unselected package libepoxy0:amd64.
Preparing to unpack .../193-libepoxy0_1.5.10-2build1_amd64.deb ...
Unpacking libepoxy0:amd64 (1.5.10-2build1) ...
Selecting previously unselected package libdrm-amdgpu1:amd64.
Preparing to unpack .../194-libdrm-amdgpu1_2.4.131-1_amd64.deb ...
Unpacking libdrm-amdgpu1:amd64 (2.4.131-1) ...
Selecting previously unselected package libpciaccess0:amd64.
Preparing to unpack .../195-libpciaccess0_0.18.1-1ubuntu4.1_amd64.deb ...
Unpacking libpciaccess0:amd64 (0.18.1-1ubuntu4.1) ...
Selecting previously unselected package libdrm-intel1:amd64.
Preparing to unpack .../196-libdrm-intel1_2.4.131-1_amd64.deb ...
Unpacking libdrm-intel1:amd64 (2.4.131-1) ...
Selecting previously unselected package libllvm21:amd64.
Preparing to unpack .../197-libllvm21_1%3a21.1.8-6ubuntu1_amd64.deb ...
Unpacking libllvm21:amd64 (1:21.1.8-6ubuntu1) ...
Selecting previously unselected package libxcb-dri3-0:amd64.
Preparing to unpack .../198-libxcb-dri3-0_1.17.0-2ubuntu1_amd64.deb ...
Unpacking libxcb-dri3-0:amd64 (1.17.0-2ubuntu1) ...
Selecting previously unselected package libxcb-present0:amd64.
Preparing to unpack .../199-libxcb-present0_1.17.0-2ubuntu1_amd64.deb ...
Unpacking libxcb-present0:amd64 (1.17.0-2ubuntu1) ...
Selecting previously unselected package libxcb-randr0:amd64.
Preparing to unpack .../200-libxcb-randr0_1.17.0-2ubuntu1_amd64.deb ...
Unpacking libxcb-randr0:amd64 (1.17.0-2ubuntu1) ...
Selecting previously unselected package libxcb-sync1:amd64.
Preparing to unpack .../201-libxcb-sync1_1.17.0-2ubuntu1_amd64.deb ...
Unpacking libxcb-sync1:amd64 (1.17.0-2ubuntu1) ...
Selecting previously unselected package libxcb-xfixes0:amd64.
Preparing to unpack .../202-libxcb-xfixes0_1.17.0-2ubuntu1_amd64.deb ...
Unpacking libxcb-xfixes0:amd64 (1.17.0-2ubuntu1) ...
Selecting previously unselected package libxshmfence1:amd64.
Preparing to unpack .../203-libxshmfence1_1.3.3-1build1_amd64.deb ...
Unpacking libxshmfence1:amd64 (1.3.3-1build1) ...
Selecting previously unselected package mesa-libgallium:amd64.
Preparing to unpack .../204-mesa-libgallium_26.0.8-1ubuntu0.3_amd64.deb ...
Unpacking mesa-libgallium:amd64 (26.0.8-1ubuntu0.3) ...
Selecting previously unselected package libgbm1:amd64.
Preparing to unpack .../205-libgbm1_26.0.8-1ubuntu0.3_amd64.deb ...
Unpacking libgbm1:amd64 (26.0.8-1ubuntu0.3) ...
Selecting previously unselected package libwayland-client0:amd64.
Preparing to unpack .../206-libwayland-client0_1.24.0-2_amd64.deb ...
Unpacking libwayland-client0:amd64 (1.24.0-2) ...
Selecting previously unselected package libegl-mesa0:amd64.
Preparing to unpack .../207-libegl-mesa0_26.0.8-1ubuntu0.3_amd64.deb ...
Unpacking libegl-mesa0:amd64 (26.0.8-1ubuntu0.3) ...
Selecting previously unselected package libegl1:amd64.
Preparing to unpack .../208-libegl1_1.7.0-3_amd64.deb ...
Unpacking libegl1:amd64 (1.7.0-3) ...
Selecting previously unselected package libvulkan1:amd64.
Preparing to unpack .../209-libvulkan1_1.4.341.0-1_amd64.deb ...
Unpacking libvulkan1:amd64 (1.4.341.0-1) ...
Selecting previously unselected package libgl1-mesa-dri:amd64.
Preparing to unpack .../210-libgl1-mesa-dri_26.0.8-1ubuntu0.3_amd64.deb ...
Unpacking libgl1-mesa-dri:amd64 (26.0.8-1ubuntu0.3) ...
Selecting previously unselected package libxcb-glx0:amd64.
Preparing to unpack .../211-libxcb-glx0_1.17.0-2ubuntu1_amd64.deb ...
Unpacking libxcb-glx0:amd64 (1.17.0-2ubuntu1) ...
Selecting previously unselected package libxxf86vm1:amd64.
Preparing to unpack .../212-libxxf86vm1_1%3a1.1.4-2_amd64.deb ...
Unpacking libxxf86vm1:amd64 (1:1.1.4-2) ...
Selecting previously unselected package libglx-mesa0:amd64.
Preparing to unpack .../213-libglx-mesa0_26.0.8-1ubuntu0.3_amd64.deb ...
Unpacking libglx-mesa0:amd64 (26.0.8-1ubuntu0.3) ...
Selecting previously unselected package libglx0:amd64.
Preparing to unpack .../214-libglx0_1.7.0-3_amd64.deb ...
Unpacking libglx0:amd64 (1.7.0-3) ...
Selecting previously unselected package libgl1:amd64.
Preparing to unpack .../215-libgl1_1.7.0-3_amd64.deb ...
Unpacking libgl1:amd64 (1.7.0-3) ...
Selecting previously unselected package libwayland-cursor0:amd64.
Preparing to unpack .../216-libwayland-cursor0_1.24.0-2_amd64.deb ...
Unpacking libwayland-cursor0:amd64 (1.24.0-2) ...
Selecting previously unselected package libwayland-egl1:amd64.
Preparing to unpack .../217-libwayland-egl1_1.24.0-2_amd64.deb ...
Unpacking libwayland-egl1:amd64 (1.24.0-2) ...
Selecting previously unselected package libgstreamer-gl1.0-0:amd64.
Preparing to unpack .../218-libgstreamer-gl1.0-0_1.28.2-1_amd64.deb ...
Unpacking libgstreamer-gl1.0-0:amd64 (1.28.2-1) ...
Selecting previously unselected package libatk-bridge2.0-0t64:amd64.
Preparing to unpack .../219-libatk-bridge2.0-0t64_2.60.4-0ubuntu0.1_amd64.deb ...
Unpacking libatk-bridge2.0-0t64:amd64 (2.60.4-0ubuntu0.1) ...
Selecting previously unselected package libcolord2:amd64.
Preparing to unpack .../220-libcolord2_1.4.8-3_amd64.deb ...
Unpacking libcolord2:amd64 (1.4.8-3) ...
Selecting previously unselected package libavahi-common-data:amd64.
Preparing to unpack .../221-libavahi-common-data_0.8-18ubuntu1.1_amd64.deb ...
Unpacking libavahi-common-data:amd64 (0.8-18ubuntu1.1) ...
Selecting previously unselected package libavahi-common3:amd64.
Preparing to unpack .../222-libavahi-common3_0.8-18ubuntu1.1_amd64.deb ...
Unpacking libavahi-common3:amd64 (0.8-18ubuntu1.1) ...
Selecting previously unselected package libavahi-client3:amd64.
Preparing to unpack .../223-libavahi-client3_0.8-18ubuntu1.1_amd64.deb ...
Unpacking libavahi-client3:amd64 (0.8-18ubuntu1.1) ...
Selecting previously unselected package libcups2t64:amd64.
Preparing to unpack .../224-libcups2t64_2.4.16-1ubuntu1.3_amd64.deb ...
Unpacking libcups2t64:amd64 (2.4.16-1ubuntu1.3) ...
Selecting previously unselected package libxcomposite1:amd64.
Preparing to unpack .../225-libxcomposite1_1%3a0.4.6-1build1_amd64.deb ...
Unpacking libxcomposite1:amd64 (1:0.4.6-1build1) ...
Selecting previously unselected package libxcursor1:amd64.
Preparing to unpack .../226-libxcursor1_1%3a1.2.3-1build1_amd64.deb ...
Unpacking libxcursor1:amd64 (1:1.2.3-1build1) ...
Selecting previously unselected package libxinerama1:amd64.
Preparing to unpack .../227-libxinerama1_2%3a1.1.4-3build2_amd64.deb ...
Unpacking libxinerama1:amd64 (2:1.1.4-3build2) ...
Selecting previously unselected package libxrandr2:amd64.
Preparing to unpack .../228-libxrandr2_2%3a1.5.4-1build1_amd64.deb ...
Unpacking libxrandr2:amd64 (2:1.5.4-1build1) ...
Selecting previously unselected package libgtk-3-common.
Preparing to unpack .../229-libgtk-3-common_3.24.52-0ubuntu1_all.deb ...
Unpacking libgtk-3-common (3.24.52-0ubuntu1) ...
Selecting previously unselected package libgtk-3-0t64:amd64.
Preparing to unpack .../230-libgtk-3-0t64_3.24.52-0ubuntu1_amd64.deb ...
Unpacking libgtk-3-0t64:amd64 (3.24.52-0ubuntu1) ...
Selecting previously unselected package libharfbuzz-icu0:amd64.
Preparing to unpack .../231-libharfbuzz-icu0_12.3.2-2_amd64.deb ...
Unpacking libharfbuzz-icu0:amd64 (12.3.2-2) ...
Selecting previously unselected package libhyphen0:amd64.
Preparing to unpack .../232-libhyphen0_2.8.8-7build4_amd64.deb ...
Unpacking libhyphen0:amd64 (2.8.8-7build4) ...
Selecting previously unselected package libsecret-common.
Preparing to unpack .../233-libsecret-common_0.21.7-2build1_all.deb ...
Unpacking libsecret-common (0.21.7-2build1) ...
Selecting previously unselected package libsecret-1-0:amd64.
Preparing to unpack .../234-libsecret-1-0_0.21.7-2build1_amd64.deb ...
Unpacking libsecret-1-0:amd64 (0.21.7-2build1) ...
Selecting previously unselected package libwayland-server0:amd64.
Preparing to unpack .../235-libwayland-server0_1.24.0-2_amd64.deb ...
Unpacking libwayland-server0:amd64 (1.24.0-2) ...
Selecting previously unselected package libwebp7:amd64.
Preparing to unpack .../236-libwebp7_1.5.0-0.1build1_amd64.deb ...
Unpacking libwebp7:amd64 (1.5.0-0.1build1) ...
Selecting previously unselected package libwebpdemux2:amd64.
Preparing to unpack .../237-libwebpdemux2_1.5.0-0.1build1_amd64.deb ...
Unpacking libwebpdemux2:amd64 (1.5.0-0.1build1) ...
Selecting previously unselected package libwebpmux3:amd64.
Preparing to unpack .../238-libwebpmux3_1.5.0-0.1build1_amd64.deb ...
Unpacking libwebpmux3:amd64 (1.5.0-0.1build1) ...
Selecting previously unselected package libxslt1.1:amd64.
Preparing to unpack .../239-libxslt1.1_1.1.45-0.1_amd64.deb ...
Unpacking libxslt1.1:amd64 (1.1.45-0.1) ...
Selecting previously unselected package libwebkit2gtk-4.1-0:amd64.
Preparing to unpack .../240-libwebkit2gtk-4.1-0_2.52.6-0ubuntu0.26.04.1_amd64.deb ...
Unpacking libwebkit2gtk-4.1-0:amd64 (2.52.6-0ubuntu0.26.04.1) ...
Selecting previously unselected package foglio.
Preparing to unpack .../241-foglio.deb ...
Unpacking foglio (0.1.0) ...
Selecting previously unselected package libgraphene-1.0-0:amd64.
Preparing to unpack .../242-libgraphene-1.0-0_1.10.8-5build1_amd64.deb ...
Unpacking libgraphene-1.0-0:amd64 (1.10.8-5build1) ...
Selecting previously unselected package gstreamer1.0-gl:amd64.
Preparing to unpack .../243-gstreamer1.0-gl_1.28.2-1_amd64.deb ...
Unpacking gstreamer1.0-gl:amd64 (1.28.2-1) ...
Selecting previously unselected package libxv1:amd64.
Preparing to unpack .../244-libxv1_2%3a1.0.13-1_amd64.deb ...
Unpacking libxv1:amd64 (2:1.0.13-1) ...
Selecting previously unselected package gstreamer1.0-x:amd64.
Preparing to unpack .../245-gstreamer1.0-x_1.28.2-1_amd64.deb ...
Unpacking gstreamer1.0-x:amd64 (1.28.2-1) ...
Selecting previously unselected package libibus-1.0-5:amd64.
Preparing to unpack .../246-libibus-1.0-5_1.5.34~rc2-1_amd64.deb ...
Unpacking libibus-1.0-5:amd64 (1.5.34~rc2-1) ...
Selecting previously unselected package ibus-gtk3:amd64.
Preparing to unpack .../247-ibus-gtk3_1.5.34~rc2-1_amd64.deb ...
Unpacking ibus-gtk3:amd64 (1.5.34~rc2-1) ...
Selecting previously unselected package libdisplay-info3:amd64.
Preparing to unpack .../248-libdisplay-info3_0.3.0-1_amd64.deb ...
Unpacking libdisplay-info3:amd64 (0.3.0-1) ...
Selecting previously unselected package libgomp1:amd64.
Preparing to unpack .../249-libgomp1_16-20260322-1ubuntu1_amd64.deb ...
Unpacking libgomp1:amd64 (16-20260322-1ubuntu1) ...
Selecting previously unselected package libfftw3-single3:amd64.
Preparing to unpack .../250-libfftw3-single3_3.3.10-2fakesync1build3_amd64.deb ...
Unpacking libfftw3-single3:amd64 (3.3.10-2fakesync1build3) ...
Selecting previously unselected package libfontenc1:amd64.
Preparing to unpack .../251-libfontenc1_1%3a1.1.8-1build2_amd64.deb ...
Unpacking libfontenc1:amd64 (1:1.1.8-1build2) ...
Selecting previously unselected package libgtk-3-bin.
Preparing to unpack .../252-libgtk-3-bin_3.24.52-0ubuntu1_amd64.deb ...
Unpacking libgtk-3-bin (3.24.52-0ubuntu1) ...
Selecting previously unselected package libheif-plugin-aomenc:amd64.
Preparing to unpack .../253-libheif-plugin-aomenc_1.21.2-3ubuntu0.4_amd64.deb ...
Unpacking libheif-plugin-aomenc:amd64 (1.21.2-3ubuntu0.4) ...
Selecting previously unselected package libice6:amd64.
Preparing to unpack .../254-libice6_2%3a1.1.1-1build1_amd64.deb ...
Unpacking libice6:amd64 (2:1.1.1-1build1) ...
Selecting previously unselected package libjson-glib-1.0-common.
Preparing to unpack .../255-libjson-glib-1.0-common_1.10.8+ds-2_all.deb ...
Unpacking libjson-glib-1.0-common (1.10.8+ds-2) ...
Selecting previously unselected package libjson-glib-1.0-0:amd64.
Preparing to unpack .../256-libjson-glib-1.0-0_1.10.8+ds-2_amd64.deb ...
Unpacking libjson-glib-1.0-0:amd64 (1.10.8+ds-2) ...
Selecting previously unselected package libwebrtc-audio-processing-1-3:amd64.
Preparing to unpack .../257-libwebrtc-audio-processing-1-3_1.3-3build2_amd64.deb ...
Unpacking libwebrtc-audio-processing-1-3:amd64 (1.3-3build2) ...
Selecting previously unselected package libspa-0.2-modules:amd64.
Preparing to unpack .../258-libspa-0.2-modules_1.6.2-1ubuntu1.1_amd64.deb ...
Unpacking libspa-0.2-modules:amd64 (1.6.2-1ubuntu1.1) ...
Selecting previously unselected package libpipewire-0.3-0t64:amd64.
Preparing to unpack .../259-libpipewire-0.3-0t64_1.6.2-1ubuntu1.1_amd64.deb ...
Unpacking libpipewire-0.3-0t64:amd64 (1.6.2-1ubuntu1.1) ...
Selecting previously unselected package libpipewire-0.3-common.
Preparing to unpack .../260-libpipewire-0.3-common_1.6.2-1ubuntu1.1_all.deb ...
Unpacking libpipewire-0.3-common (1.6.2-1ubuntu1.1) ...
Selecting previously unselected package librsvg2-common:amd64.
Preparing to unpack .../261-librsvg2-common_2.61.3+dfsg-3_amd64.deb ...
Unpacking librsvg2-common:amd64 (2.61.3+dfsg-3) ...
Selecting previously unselected package libsasl2-modules:amd64.
Preparing to unpack .../262-libsasl2-modules_2.1.28+dfsg1-9ubuntu3_amd64.deb ...
Unpacking libsasl2-modules:amd64 (2.1.28+dfsg1-9ubuntu3) ...
Selecting previously unselected package libsm6:amd64.
Preparing to unpack .../263-libsm6_2%3a1.2.6-1build1_amd64.deb ...
Unpacking libsm6:amd64 (2:1.2.6-1build1) ...
Selecting previously unselected package libunwind8:amd64.
Preparing to unpack .../264-libunwind8_1.8.3-0ubuntu1_amd64.deb ...
Unpacking libunwind8:amd64 (1.8.3-0ubuntu1) ...
Selecting previously unselected package libxt6t64:amd64.
Preparing to unpack .../265-libxt6t64_1%3a1.2.1-1.3build1_amd64.deb ...
Unpacking libxt6t64:amd64 (1:1.2.1-1.3build1) ...
Selecting previously unselected package libxmu6:amd64.
Preparing to unpack .../266-libxmu6_2%3a1.1.3-4_amd64.deb ...
Unpacking libxmu6:amd64 (2:1.1.3-4) ...
Selecting previously unselected package libxpm4:amd64.
Preparing to unpack .../267-libxpm4_1%3a3.5.17-1ubuntu0.26.04.1_amd64.deb ...
Unpacking libxpm4:amd64 (1:3.5.17-1ubuntu0.26.04.1) ...
Selecting previously unselected package libxaw7:amd64.
Preparing to unpack .../268-libxaw7_2%3a1.0.16-1build1_amd64.deb ...
Unpacking libxaw7:amd64 (2:1.0.16-1build1) ...
Selecting previously unselected package libxfont2:amd64.
Preparing to unpack .../269-libxfont2_1%3a2.0.6-2ubuntu0.2_amd64.deb ...
Unpacking libxfont2:amd64 (1:2.0.6-2ubuntu0.2) ...
Selecting previously unselected package libxkbfile1:amd64.
Preparing to unpack .../270-libxkbfile1_1%3a1.1.0-1build5_amd64.deb ...
Unpacking libxkbfile1:amd64 (1:1.1.0-1build5) ...
Selecting previously unselected package mesa-vulkan-drivers:amd64.
Preparing to unpack .../271-mesa-vulkan-drivers_26.0.8-1ubuntu0.3_amd64.deb ...
Unpacking mesa-vulkan-drivers:amd64 (26.0.8-1ubuntu0.3) ...
Selecting previously unselected package systemd-timesyncd.
Preparing to unpack .../272-systemd-timesyncd_259.5-0ubuntu3.4_amd64.deb ...
Unpacking systemd-timesyncd (259.5-0ubuntu3.4) ...
Selecting previously unselected package webkitgtk-webdriver.
Preparing to unpack .../273-webkitgtk-webdriver_2.52.6-0ubuntu0.26.04.1_amd64.deb ...
Unpacking webkitgtk-webdriver (2.52.6-0ubuntu0.26.04.1) ...
Selecting previously unselected package x11-xkb-utils.
Preparing to unpack .../274-x11-xkb-utils_7.7+9build1_amd64.deb ...
Unpacking x11-xkb-utils (7.7+9build1) ...
Selecting previously unselected package xdg-desktop-portal.
Preparing to unpack .../275-xdg-desktop-portal_1.21.1+ds-1ubuntu3_amd64.deb ...
Unpacking xdg-desktop-portal (1.21.1+ds-1ubuntu3) ...
Selecting previously unselected package xdg-desktop-portal-gtk.
Preparing to unpack .../276-xdg-desktop-portal-gtk_1.15.3-2ubuntu1_amd64.deb ...
Unpacking xdg-desktop-portal-gtk (1.15.3-2ubuntu1) ...
Selecting previously unselected package xfonts-encodings.
Preparing to unpack .../277-xfonts-encodings_1%3a1.0.5-0ubuntu3_all.deb ...
Unpacking xfonts-encodings (1:1.0.5-0ubuntu3) ...
Selecting previously unselected package xfonts-utils.
Preparing to unpack .../278-xfonts-utils_1%3a7.7+7build1_amd64.deb ...
Unpacking xfonts-utils (1:7.7+7build1) ...
Selecting previously unselected package xfonts-base.
Preparing to unpack .../279-xfonts-base_1%3a1.0.5+nmu1build1_all.deb ...
Unpacking xfonts-base (1:1.0.5+nmu1build1) ...
Selecting previously unselected package xserver-common.
Preparing to unpack .../280-xserver-common_2%3a21.1.22-1ubuntu1_all.deb ...
Unpacking xserver-common (2:21.1.22-1ubuntu1) ...
Selecting previously unselected package xvfb.
Preparing to unpack .../281-xvfb_2%3a21.1.22-1ubuntu1_amd64.deb ...
Unpacking xvfb (2:21.1.22-1ubuntu1) ...
Setting up libpipewire-0.3-common (1.6.2-1ubuntu1.1) ...
Setting up libhwy1t64:amd64 (1.3.0-2) ...
Setting up media-types (14.0.0build1) ...
Setting up libtext-iconv-perl:amd64 (1.7-8.1) ...
Setting up libgraphite2-3:amd64 (1.3.14-11ubuntu1.1) ...
Setting up liblcms2-2:amd64 (2.17-1ubuntu0.2) ...
Setting up libpixman-1-0:amd64 (0.46.4-1) ...
Setting up libcdparanoia0:amd64 (3.10.2+debian-14ubuntu2) ...
Setting up libsharpyuv0:amd64 (1.5.0-0.1build1) ...
Setting up libaom3:amd64 (3.13.1-2) ...
Setting up libpciaccess0:amd64 (0.18.1-1ubuntu4.1) ...
Setting up systemd-sysv (259.5-0ubuntu3.4) ...
Setting up libxau6:amd64 (1:1.0.11-1build2) ...
Setting up libxdmcp6:amd64 (1:1.1.5-2) ...
Setting up libraw1394-11:amd64 (2.1.2-2build4) ...
Setting up libkeyutils1:amd64 (1.6.3-6ubuntu3) ...
Setting up libapparmor1:amd64 (5.0.2-0ubuntu1~26.04.1) ...
Setting up libxcb1:amd64 (1.17.0-2ubuntu1) ...
Setting up libgpm2:amd64 (1.20.7-12build1) ...
Setting up libxcb-xfixes0:amd64 (1.17.0-2ubuntu1) ...
Setting up libogg0:amd64 (1.3.6-2) ...
Setting up libspeex1:amd64 (1.2.1-3build1) ...
Setting up libcaca0:amd64 (0.99.beta20-6ubuntu2.1) ...
Setting up hicolor-icon-theme (0.18-2build1) ...
Setting up libtwolame0:amd64 (0.4.0-2build4) ...
Setting up libhyphen0:amd64 (2.8.8-7build4) ...
Setting up libdatrie1:amd64 (0.2.14-1) ...
Setting up xdg-user-dirs (0.19-1) ...
Created symlink '/etc/systemd/user/graphical-session-pre.target.wants/xdg-user-dirs.service' → '/usr/lib/systemd/user/xdg-user-dirs.service'.
Setting up libvisual-0.4-0:amd64 (0.4.2-4) ...
Setting up libxcb-render0:amd64 (1.17.0-2ubuntu1) ...
Setting up libaspell15:amd64 (0.60.8.2-3) ...
Setting up libglvnd0:amd64 (1.7.0-3) ...
Setting up libtag2:amd64 (2.2.1-3) ...
Setting up libxml2-16:amd64 (2.15.2+dfsg-0.1ubuntu0.1) ...
Setting up libdisplay-info3:amd64 (0.3.0-1) ...
Setting up libxcb-glx0:amd64 (1.17.0-2ubuntu1) ...
Setting up libbrotli1:amd64 (1.2.0-3build1) ...
Setting up libedit2:amd64 (3.1-20251016-1) ...
Setting up libsqlite3-0:amd64 (3.46.1-9ubuntu0.2) ...
Setting up libsasl2-modules:amd64 (2.1.28+dfsg1-9ubuntu3) ...
Setting up libgdk-pixbuf2.0-common (2.44.5+dfsg-4ubuntu1) ...
Setting up x11-common (1:7.7+26ubuntu1) ...
invoke-rc.d: could not determine current runlevel
invoke-rc.d: policy-rc.d denied execution of start.
Setting up libsensors-config (1:3.6.2-2build1) ...
Setting up libnghttp2-14:amd64 (1.68.0-2ubuntu0.2) ...
Setting up libnss-systemd:amd64 (259.5-0ubuntu3.4) ...
Setting up xkb-data (2.46-2) ...
Setting up krb5-locales (1.22.1-2ubuntu4.1) ...
Setting up libxcb-shm0:amd64 (1.17.0-2ubuntu1) ...
Setting up libsoup-3.0-common (3.6.6-1) ...
Setting up libmpg123-0t64:amd64 (1.33.3-2) ...
Setting up libgomp1:amd64 (16-20260322-1ubuntu1) ...
Setting up libldap-common (2.6.10+dfsg-1ubuntu5) ...
Setting up libunwind8:amd64 (1.8.3-0ubuntu1) ...
Setting up libwebrtc-audio-processing-1-3:amd64 (1.3-3build2) ...
Setting up libcap2:amd64 (1:2.75-10ubuntu2) ...
Setting up libelf1t64:amd64 (0.194-4) ...
Setting up libtheoraenc2:amd64 (1.2.0+dfsg-6) ...
Setting up liborc-0.4-0t64:amd64 (1:0.4.42-2) ...
Setting up libkrb5support0:amd64 (1.22.1-2ubuntu4.1) ...
Setting up libsasl2-modules-db:amd64 (2.1.28+dfsg1-9ubuntu3) ...
Setting up tzdata (2026c-0ubuntu0.26.04.1) ...

Current default time zone: 'Etc/UTC'
Local time is now:      Thu Sep 10 08:55:31 UTC 2026.
Universal Time is now:  Thu Sep 10 08:55:31 UTC 2026.
Run 'dpkg-reconfigure tzdata' if you wish to change it.

Setting up libicu78:amd64 (78.2-2ubuntu1) ...
Setting up libcap2-bin (1:2.75-10ubuntu2) ...
Setting up libxcb-present0:amd64 (1.17.0-2ubuntu1) ...
Setting up libasound2-data (1.2.15.3-1ubuntu1.1) ...
Setting up libvpx12:amd64 (1.16.0-3) ...
Setting up libnettle8t64:amd64 (3.10.2-1) ...
Setting up libfontenc1:amd64 (1:1.1.8-1build2) ...
Setting up libglib2.0-data (2.88.0-1) ...
Setting up linux-sysctl-defaults (4.15ubuntu5) ...
Setting up libgles2:amd64 (1.7.0-3) ...
Setting up libasound2t64:amd64 (1.2.15.3-1ubuntu1.1) ...
Setting up emacsen-common (3.0.8build1) ...
Setting up libslang2:amd64 (2.3.3-5build1) ...
Setting up libx11-data (2:1.8.13-1) ...
Setting up libepoxy0:amd64 (1.5.10-2build1) ...
Setting up libxcb-sync1:amd64 (1.17.0-2ubuntu1) ...
Setting up libavahi-common-data:amd64 (0.8-18ubuntu1.1) ...
Setting up libncurses6:amd64 (6.6+20251231-1) ...
Setting up libdbus-1-3:amd64 (1.16.2-2ubuntu4) ...
Setting up xfonts-encodings (1:1.0.5-0ubuntu3) ...
Setting up libfribidi0:amd64 (1.0.16-5) ...
Setting up libopus0:amd64 (1.6.1-1) ...
Setting up libunistring5:amd64 (1.3-2build1) ...
Setting up fonts-dejavu-mono (2.37-8build1) ...
Setting up libpng16-16t64:amd64 (1.6.57-1) ...
Setting up systemd-timesyncd (259.5-0ubuntu3.4) ...
Creating group 'systemd-timesync' with GID 997.
Creating user 'systemd-timesync' (systemd Time Synchronization) with UID 997 and GID 997.
Created symlink '/etc/systemd/system/dbus-org.freedesktop.timesync1.service' → '/usr/lib/systemd/system/systemd-timesyncd.service'.
Created symlink '/etc/systemd/system/sysinit.target.wants/systemd-timesyncd.service' → '/usr/lib/systemd/system/systemd-timesyncd.service'.
Setting up libatomic1:amd64 (16-20260322-1ubuntu1) ...
Setting up libvorbis0a:amd64 (1.3.7-3build2) ...
Setting up fonts-dejavu-core (2.37-8build1) ...
Setting up libflac14:amd64 (1.5.0+ds-5) ...
Setting up libdv4t64:amd64 (1.0.0-17.1build2) ...
Setting up libsensors5:amd64 (1:3.6.2-2build1) ...
Setting up libk5crypto3:amd64 (1.22.1-2ubuntu4.1) ...
Setting up libjpeg-turbo8:amd64 (2.1.5-4ubuntu4) ...
Setting up libsasl2-2:amd64 (2.1.28+dfsg1-9ubuntu3) ...
Setting up libvulkan1:amd64 (1.4.341.0-1) ...
Setting up libwebp7:amd64 (1.5.0-0.1build1) ...
Setting up libffi8:amd64 (3.5.2-4) ...
Setting up libdevmapper1.02.1:amd64 (2:1.02.205-2ubuntu3) ...
Setting up alsa-topology-conf (1.2.5.1-3build1) ...
Setting up libhogweed6t64:amd64 (3.10.2-1) ...
Setting up dmsetup (2:1.02.205-2ubuntu3) ...
Setting up libduktape207:amd64 (2.7.0+tests-0ubuntu4) ...
Setting up libasyncns0:amd64 (0.8-7) ...
Setting up libxshmfence1:amd64 (1.3.3-1build1) ...
Setting up at-spi2-common (2.60.4-0ubuntu0.1) ...
Setting up libwavpack1:amd64 (5.9.0-1) ...
Setting up libxcb-randr0:amd64 (1.17.0-2ubuntu1) ...
Setting up dbus-session-bus-common (1.16.2-2ubuntu4) ...
Setting up libxslt1.1:amd64 (1.1.45-0.1) ...
Setting up libtasn1-6:amd64 (4.21.0-2) ...
Setting up libx11-6:amd64 (2:1.8.13-1) ...
Setting up libthai-data (0.1.30-1) ...
Setting up netbase (6.5build1) ...
Setting up libjson-glib-1.0-common (1.10.8+ds-2) ...
Setting up libkrb5-3:amd64 (1.22.1-2ubuntu4.1) ...
Setting up libwayland-egl1:amd64 (1.24.0-2) ...
Setting up libxkbfile1:amd64 (1:1.1.0-1build5) ...
Setting up libssh2-1t64:amd64 (1.11.1-1ubuntu0.26.04.4) ...
Setting up libhunspell-1.7-0:amd64 (1.7.2+really1.7.2-11) ...
Setting up libfuse3-4:amd64 (3.18.2-1) ...
Setting up glib-networking-common (2.80.1-1build2) ...
Setting up dbus-system-bus-common (1.16.2-2ubuntu4) ...
Creating group 'messagebus' with GID 996.
Creating user 'messagebus' (System Message Bus) with UID 996 and GID 996.
Setting up openssl (3.5.5-1ubuntu3.5) ...
Setting up libwebpmux3:amd64 (1.5.0-0.1build1) ...
Setting up libdrm-common (2.4.131-1) ...
Setting up libxcomposite1:amd64 (1:0.4.6-1build1) ...
Setting up libpam-cap:amd64 (1:2.75-10ubuntu2) ...
Setting up libjxl0.11:amd64 (0.11.1-6ubuntu4.2) ...
Setting up libjson-c5:amd64 (0.18+ds-3) ...
Setting up readline-common (8.3-4) ...
Setting up publicsuffix (20260129.1928-1) ...
Setting up libldap2:amd64 (2.6.10+dfsg-1ubuntu5) ...
Setting up iso-codes (4.20.1-1) ...
Setting up libxmuu1:amd64 (2:1.1.3-4) ...
Setting up dbus-bin (1.16.2-2ubuntu4) ...
Setting up libsecret-common (0.21.7-2build1) ...
Setting up libmp3lame0:amd64 (3.101~svn6525+dfsg-2) ...
Setting up libvorbisenc2:amd64 (1.3.7-3build2) ...
Setting up libkmod2:amd64 (34.2-2ubuntu2) ...
Setting up libaa1:amd64 (1.4p5-51.1build1) ...
Setting up libiec61883-0:amd64 (1.2.0-8) ...
Setting up libxkbcommon0:amd64 (1.13.1-1) ...
Setting up libwayland-client0:amd64 (1.24.0-2) ...
Setting up libjpeg8:amd64 (8c-2ubuntu12) ...
Setting up libavc1394-0:amd64 (0.5.4-5build4) ...
Setting up bubblewrap (0.11.1-1ubuntu0.1) ...
Setting up libxcb-dri3-0:amd64 (1.17.0-2ubuntu1) ...
Setting up libwayland-server0:amd64 (1.24.0-2) ...
Setting up libx11-xcb1:amd64 (2:1.8.13-1) ...
Setting up libice6:amd64 (2:1.1.1-1build1) ...
Setting up libfftw3-single3:amd64 (3.3.10-2fakesync1build3) ...
Setting up libxdamage1:amd64 (1:1.1.7-1) ...
Setting up libxpm4:amd64 (1:3.5.17-1ubuntu0.26.04.1) ...
Setting up libv4lconvert0t64:amd64 (1.32.0-2ubuntu1) ...
Setting up libxrender1:amd64 (1:0.9.12-1build1) ...
Setting up dictionaries-common (1.31.4) ...
Setting up alsa-ucm-conf (1.2.15.3-1ubuntu1.5) ...
Setting up fontconfig-config (2.17.1-3ubuntu1) ...
Setting up libwebpdemux2:amd64 (1.5.0-0.1build1) ...
Setting up libavahi-common3:amd64 (0.8-18ubuntu1.1) ...
Setting up libxext6:amd64 (2:1.3.4-1build3) ...
Setting up libidn2-0:amd64 (2.3.8-4build1) ...
Setting up dbus-daemon (1.16.2-2ubuntu4) ...
Setting up libxxf86vm1:amd64 (1:1.1.4-2) ...
Setting up fuse3 (3.18.2-1) ...
Removing 'diversion of /bin/fusermount to /bin/fusermount.usr-is-merged by fuse3'
Removing 'diversion of /sbin/mount.fuse to /sbin/mount.fuse.usr-is-merged by fuse3'
Setting up libthai0:amd64 (0.1.30-1) ...
Setting up ca-certificates (20260601~26.04.1) ...
Updating certificates in /etc/ssl/certs...
121 added, 0 removed; done.
Setting up libglib2.0-0t64:amd64 (2.88.0-1) ...
Setting up libsecret-1-0:amd64 (0.21.7-2build1) ...
Setting up libjavascriptcoregtk-4.1-0:amd64 (2.52.6-0ubuntu0.26.04.1) ...
Setting up libfreetype6:amd64 (2.14.2+dfsg-1ubuntu0.1) ...
Setting up libxfixes3:amd64 (1:6.0.0-2build2) ...
Setting up libllvm21:amd64 (1:21.1.8-6ubuntu1) ...
Setting up dbus (1.16.2-2ubuntu4) ...
Setting up shared-mime-info (2.4-5build3) ...
Setting up libp11-kit0:amd64 (0.26.2-2) ...
Setting up libxinerama1:amd64 (2:1.1.4-3build2) ...
Setting up libxv1:amd64 (2:1.0.13-1) ...
Setting up libgssapi-krb5-2:amd64 (1.22.1-2ubuntu4.1) ...
Setting up libxrandr2:amd64 (2:1.5.4-1build1) ...
Setting up aspell (0.60.8.2-3) ...
Setting up libreadline8t64:amd64 (8.3-4) ...
Setting up libv4l-0t64:amd64 (1.32.0-2ubuntu1) ...
Setting up xdg-dbus-proxy (0.1.7-1) ...
Setting up libdrm2:amd64 (2.4.131-1) ...
Setting up xauth (1:1.1.2-1.1build1) ...
Setting up libwayland-cursor0:amd64 (1.24.0-2) ...
Setting up hunspell-en-us (1:2020.12.07-4build1) ...
Setting up libpam-systemd:amd64 (259.5-0ubuntu3.4) ...
Setting up libharfbuzz0b:amd64 (12.3.2-2) ...
Setting up libcryptsetup12:amd64 (2:2.8.4-1ubuntu4) ...
Setting up libfontconfig1:amd64 (2.17.1-3ubuntu1) ...
Setting up libsndfile1:amd64 (1.2.2-4) ...
Setting up libsm6:amd64 (2:1.2.6-1build1) ...
Setting up libxfont2:amd64 (1:2.0.6-2ubuntu0.2) ...
Setting up libavahi-client3:amd64 (0.8-18ubuntu1.1) ...
Setting up libgudev-1.0-0:amd64 (1:238-7build1) ...
Setting up libgstreamer1.0-0:amd64 (1.28.2-1) ...
Setcap worked! gst-ptp-helper is not suid!
Setting up libgraphene-1.0-0:amd64 (1.10.8-5build1) ...
Setting up libxres1:amd64 (2:1.2.1-1build2) ...
Setting up systemd-resolved (259.5-0ubuntu3.4) ...
Converting /etc/resolv.conf to a symlink to /run/systemd/resolve/stub-resolv.conf...
mv: cannot move '/etc/resolv.conf' to '/etc/.resolv.conf.systemd-resolved.bak': Device or resource busy
Cannot take a backup of /etc/resolv.conf.
ln: Already exists
Cannot install symlink from /etc/resolv.conf to ../run/systemd/resolve/stub-resolv.conf
Creating group 'systemd-resolve' with GID 995.
Creating user 'systemd-resolve' (systemd Resolver) with UID 995 and GID 995.
Created symlink '/etc/systemd/system/dbus-org.freedesktop.resolve1.service' → '/usr/lib/systemd/system/systemd-resolved.service'.
Created symlink '/etc/systemd/system/sysinit.target.wants/systemd-resolved.service' → '/usr/lib/systemd/system/systemd-resolved.service'.
Created symlink '/etc/systemd/system/sockets.target.wants/systemd-resolved-varlink.socket' → '/usr/lib/systemd/system/systemd-resolved-varlink.socket'.
Created symlink '/etc/systemd/system/sockets.target.wants/systemd-resolved-monitor.socket' → '/usr/lib/systemd/system/systemd-resolved-monitor.socket'.
Setting up libdrm-amdgpu1:amd64 (2.4.131-1) ...
Setting up libgnutls30t64:amd64 (3.8.12-2ubuntu1.1) ...
Setting up mesa-vulkan-drivers:amd64 (26.0.8-1ubuntu0.3) ...
Setting up fontconfig (2.17.1-3ubuntu1) ...
Regenerating fonts cache... done.
Setting up libharfbuzz-icu0:amd64 (12.3.2-2) ...
Setting up libatk1.0-0t64:amd64 (2.60.4-0ubuntu0.1) ...
Setting up user-session-migration (0.5.1) ...
Created symlink '/etc/systemd/user/graphical-session-pre.target.wants/user-session-migration.service' → '/usr/lib/systemd/user/user-session-migration.service'.
Setting up libxi6:amd64 (2:1.8.2-2) ...
Setting up libpulse0:amd64 (1:17.0+dfsg1-2ubuntu4) ...
Setting up libenchant-2-2:amd64 (2.8.2+dfsg1-3build1) ...
Setting up libpython3.14-stdlib:amd64 (3.14.4-1ubuntu0.2) ...
Setting up libxtst6:amd64 (2:1.2.5-1build1) ...
Setting up libxcursor1:amd64 (1:1.2.3-1build1) ...
Setting up libpango-1.0-0:amd64 (1.57.0-1) ...
Setting up libdrm-intel1:amd64 (2.4.131-1) ...
Setting up libibus-1.0-5:amd64 (1.5.34~rc2-1) ...
Setting up libpsl5t64:amd64 (0.21.2-1.1build2) ...
Setting up aspell-en (2020.12.07-0-1.1build1) ...
Setting up enchant-2 (2.8.2+dfsg1-3build1) ...
Setting up libgstreamer-plugins-base1.0-0:amd64 (1.28.2-1) ...
Setting up xfonts-utils (1:7.7+7build1) ...
Setting up libcairo2:amd64 (1.18.4-3) ...
Setting up libcolord2:amd64 (1.4.8-3) ...
Setting up libjson-glib-1.0-0:amd64 (1.10.8+ds-2) ...
Setting up libdconf1:amd64 (0.49.0-4) ...
Setting up libtheoradec2:amd64 (1.2.0+dfsg-6) ...
Setting up dbus-user-session (1.16.2-2ubuntu4) ...
Setting up xfonts-base (1:1.0.5+nmu1build1) ...
Setting up gstreamer1.0-plugins-base:amd64 (1.28.2-1) ...
Setting up systemd-cryptsetup (259.5-0ubuntu3.4) ...
Setting up libspa-0.2-modules:amd64 (1.6.2-1ubuntu1.1) ...
Setting up librtmp1:amd64 (2.4+20151223.gitfa8646d.1-3) ...
Setting up libatspi2.0-0t64:amd64 (2.60.4-0ubuntu0.1) ...
Setting up libxt6t64:amd64 (1:1.2.1-1.3build1) ...
Setting up libtheora1:amd64 (1.2.0+dfsg-6) ...
Setting up libcairo-gobject2:amd64 (1.18.4-3) ...
Setting up python3.14 (3.14.4-1ubuntu0.2) ...
Setting up libpangoft2-1.0-0:amd64 (1.57.0-1) ...
Setting up ibus-gtk3:amd64 (1.5.34~rc2-1) ...
Setting up libpipewire-0.3-0t64:amd64 (1.6.2-1ubuntu1.1) ...
Setting up libcups2t64:amd64 (2.4.16-1ubuntu1.3) ...
Setting up libpangocairo-1.0-0:amd64 (1.57.0-1) ...
Setting up libpython3-stdlib:amd64 (3.14.3-0ubuntu2) ...
Setting up libatk-bridge2.0-0t64:amd64 (2.60.4-0ubuntu0.1) ...
Setting up mesa-libgallium:amd64 (26.0.8-1ubuntu0.3) ...
Setting up libxmu6:amd64 (2:1.1.3-4) ...
Setting up gstreamer1.0-x:amd64 (1.28.2-1) ...
Setting up libgbm1:amd64 (26.0.8-1ubuntu0.3) ...
Setting up libgl1-mesa-dri:amd64 (26.0.8-1ubuntu0.3) ...
Setting up libcurl3t64-gnutls:amd64 (8.18.0-1ubuntu2.5) ...
Setting up dconf-service (0.49.0-4) ...
Setting up python3 (3.14.3-0ubuntu2) ...
Setting up libxaw7:amd64 (2:1.0.16-1build1) ...
Setting up libegl-mesa0:amd64 (26.0.8-1ubuntu0.3) ...
Setting up libshout3:amd64 (2.4.6-1build3) ...
Setting up libegl1:amd64 (1.7.0-3) ...
Setting up libproxy1v5:amd64 (0.5.12-1) ...
Setting up libglx-mesa0:amd64 (26.0.8-1ubuntu0.3) ...
Setting up libglx0:amd64 (1.7.0-3) ...
Setting up dconf-gsettings-backend:amd64 (0.49.0-4) ...
Setting up x11-xkb-utils (7.7+9build1) ...
Setting up libgl1:amd64 (1.7.0-3) ...
Setting up xserver-common (2:21.1.22-1ubuntu1) ...
Setting up libgtk-3-common (3.24.52-0ubuntu1) ...
Setting up gsettings-desktop-schemas (50.0-1ubuntu2) ...
Setting up glib-networking-services (2.80.1-1build2) ...
Setting up xvfb (2:21.1.22-1ubuntu1) ...
Setting up libgstreamer-gl1.0-0:amd64 (1.28.2-1) ...
Setting up at-spi2-core (2.60.4-0ubuntu0.1) ...
Setting up glib-networking:amd64 (2.80.1-1build2) ...
Setting up gstreamer1.0-gl:amd64 (1.28.2-1) ...
Setting up libsoup-3.0-0:amd64 (3.6.6-1) ...
Setting up libheif-plugin-aomdec:amd64 (1.21.2-3ubuntu0.4) ...
Setting up libheif1:amd64 (1.21.2-3ubuntu0.4) ...
Setting up glycin-loaders (2.1.1+ds-0ubuntu1) ...
Setting up libglycin-2-0:amd64 (2.1.1+ds-0ubuntu1) ...
Setting up libheif-plugin-aomenc:amd64 (1.21.2-3ubuntu0.4) ...
Setting up glycin-thumbnailers (2.1.1+ds-0ubuntu1) ...
Setting up libgdk-pixbuf-2.0-0:amd64 (2.44.5+dfsg-4ubuntu1) ...
Setting up gtk-update-icon-cache (4.22.4+ds-0ubuntu0.1) ...
Setting up gstreamer1.0-plugins-good:amd64 (1.28.2-2ubuntu0.1) ...
Setting up librsvg2-2:amd64 (2.61.3+dfsg-3) ...
Setting up adwaita-icon-theme (50.0-1) ...
update-alternatives: using /usr/share/icons/Adwaita/cursor.theme to provide /usr/share/icons/default/index.theme (x-cursor-theme) in auto mode
Setting up libgtk-3-0t64:amd64 (3.24.52-0ubuntu1) ...
Setting up librsvg2-common:amd64 (2.61.3+dfsg-3) ...
Setting up libwebkit2gtk-4.1-0:amd64 (2.52.6-0ubuntu0.26.04.1) ...
Setting up xdg-desktop-portal (1.21.1+ds-1ubuntu3) ...
Created symlink '/etc/systemd/user/graphical-session-pre.target.wants/xdg-desktop-portal-rewrite-launchers.service' → '/usr/lib/systemd/user/xdg-desktop-portal-rewrite-launchers.service'.
Setting up libgtk-3-bin (3.24.52-0ubuntu1) ...
Setting up webkitgtk-webdriver (2.52.6-0ubuntu0.26.04.1) ...
Setting up foglio (0.1.0) ...
Setting up xdg-desktop-portal-gtk (1.15.3-2ubuntu1) ...
Processing triggers for libc-bin (2.43-2ubuntu2.3) ...
Processing triggers for systemd (259.5-0ubuntu3.4) ...
Processing triggers for procps (2:4.0.4-9ubuntu1) ...
procps: Applying updated sysctl configuration
sysctl: setting key "kernel.core_pattern", ignoring: Read-only file system
sysctl: setting key "kernel.sysrq", ignoring: Read-only file system
sysctl: setting key "kernel.core_uses_pid", ignoring: Read-only file system
sysctl: setting key "net.ipv4.conf.default.rp_filter", ignoring: Read-only file system
sysctl: setting key "net.ipv4.conf.eth0.rp_filter", ignoring: Read-only file system
sysctl: setting key "net.ipv4.conf.lo.rp_filter", ignoring: Read-only file system
sysctl: setting key "net.ipv4.conf.default.accept_source_route", ignoring: Read-only file system
sysctl: setting key "net.ipv4.conf.eth0.accept_source_route", ignoring: Read-only file system
sysctl: setting key "net.ipv4.conf.lo.accept_source_route", ignoring: Read-only file system
sysctl: setting key "net.ipv4.conf.default.promote_secondaries", ignoring: Read-only file system
sysctl: setting key "net.ipv4.conf.eth0.promote_secondaries", ignoring: Read-only file system
sysctl: setting key "net.ipv4.conf.lo.promote_secondaries", ignoring: Read-only file system
sysctl: setting key "net.ipv4.ping_group_range", ignoring: Read-only file system
sysctl: setting key "fs.protected_hardlinks", ignoring: Read-only file system
sysctl: setting key "fs.protected_symlinks", ignoring: Read-only file system
sysctl: setting key "fs.protected_regular", ignoring: Read-only file system
sysctl: setting key "fs.protected_fifos", ignoring: Read-only file system
sysctl: setting key "vm.max_map_count", ignoring: Read-only file system
sysctl: setting key "kernel.pid_max", ignoring: Read-only file system
sysctl: setting key "kernel.printk", ignoring: Read-only file system
sysctl: setting key "net.ipv6.conf.all.use_tempaddr", ignoring: Read-only file system
sysctl: setting key "net.ipv6.conf.default.use_tempaddr", ignoring: Read-only file system
sysctl: setting key "kernel.kptr_restrict", ignoring: Read-only file system
sysctl: setting key "kernel.sysrq", ignoring: Read-only file system
sysctl: setting key "vm.max_map_count", ignoring: Read-only file system
sysctl: setting key "net.ipv4.conf.default.rp_filter", ignoring: Read-only file system
sysctl: setting key "net.ipv4.conf.all.rp_filter", ignoring: Read-only file system
sysctl: setting key "kernel.yama.ptrace_scope", ignoring: Read-only file system
sysctl: setting key "vm.mmap_min_addr", ignoring: Read-only file system
Processing triggers for dictionaries-common (1.31.4) ...
aspell-autobuildhash: processing: en [en-common].
aspell-autobuildhash: processing: en [en-variant_0].
aspell-autobuildhash: processing: en [en-variant_1].
aspell-autobuildhash: processing: en [en-variant_2].
aspell-autobuildhash: processing: en [en-w_accents-only].
aspell-autobuildhash: processing: en [en-wo_accents-only].
aspell-autobuildhash: processing: en [en_AU-variant_0].
aspell-autobuildhash: processing: en [en_AU-variant_1].
aspell-autobuildhash: processing: en [en_AU-w_accents-only].
aspell-autobuildhash: processing: en [en_AU-wo_accents-only].
aspell-autobuildhash: processing: en [en_CA-variant_0].
aspell-autobuildhash: processing: en [en_CA-variant_1].
aspell-autobuildhash: processing: en [en_CA-w_accents-only].
aspell-autobuildhash: processing: en [en_CA-wo_accents-only].
aspell-autobuildhash: processing: en [en_GB-ise-w_accents-only].
aspell-autobuildhash: processing: en [en_GB-ise-wo_accents-only].
aspell-autobuildhash: processing: en [en_GB-ize-w_accents-only].
aspell-autobuildhash: processing: en [en_GB-ize-wo_accents-only].
aspell-autobuildhash: processing: en [en_GB-variant_0].
aspell-autobuildhash: processing: en [en_GB-variant_1].
aspell-autobuildhash: processing: en [en_US-w_accents-only].
aspell-autobuildhash: processing: en [en_US-wo_accents-only].
Processing triggers for ca-certificates (20260601~26.04.1) ...
Updating certificates in /etc/ssl/certs...
0 added, 0 removed; done.
Running hooks in /etc/ca-certificates/update.d...
done.
Processing triggers for libgdk-pixbuf-2.0-0:amd64 (2.44.5+dfsg-4ubuntu1) ...
foglio	0.1.0
libwebkit2gtk-4.1-0:amd64	2.52.6-0ubuntu0.26.04.1
1 discovered; 1 indexed; 0 stale
1 parsed; 0 reused
Watcher: inactive (this process)
1 discovered; 1 indexed; 0 stale; 0 orphan; 0 unindexed
Read-only inspection; repair derived state explicitly with reindex.
Disposable index: /home/foglio-test/.cache/foglio/4f9d91225443cb4e7a760df6de6ed5292d224705643da85557dc9bd90f7d9790/index.sqlite3
ordinary.md	Ordinary
Ordinary
PASS: actual Tauri onboarding, readonly selection, folders, GFM/security, search, watcher move/edit/delete, close/reopen
Error serving connection: hyper::Error(User(Service), client error (Connect)

Caused by:
    0: tcp connect error
    1: Connection refused (os error 111))
libEGL warning: DRI3 error: Could not get DRI3 device
libEGL warning: Ensure your X server supports DRI3 to get accelerated rendering

{'height': 800, 'scrollTop': 0, 'last': {'x': 210, 'width': 309, 'left': 210, 'right': 519, 'top': 3690, 'height': 74, 'y': 3690, 'bottom': 3764}, 'scrollHeight': 3478, 'list': {'x': 210, 'width': 309, 'left': 210, 'right': 519, 'top': 286, 'height': 441, 'y': 286, 'bottom': 727}}
foglio
A quiet place for your notes
Library folder
Open library
Existing folders only · Your Markdown stays yours
Library

All notes
FOLDERS

blog
TAGS

# work
New note

47 notes

Created
blog/Sprite.md

Long note
long.md

Missing
missing.md

mixed
mixed.md

Other
other.md

Preservation
preserve.md

Scroll note 00
scroll-00.md

Scroll note 01
scroll-01.md

Scroll note 02
scroll-02.md

Scroll note 03
scroll-03.md

Scroll note 04
scroll-04.md

Scroll note 05
scroll-05.md

Scroll note 06
scroll-06.md

Scroll note 07
scroll-07.md

Scroll note 08
scroll-08.md

Scroll note 09
scroll-09.md

Scroll note 10
scroll-10.md

Scroll note 11
scroll-11.md

Scroll note 12
scroll-12.md

Scroll note 13
scroll-13.md

Scroll note 14
scroll-14.md

Scroll note 15
scroll-15.md

Scroll note 16
scroll-16.md

Scroll note 17
scroll-17.md

Scroll note 18
scroll-18.md

Scroll note 19
scroll-19.md

Scroll note 20
scroll-20.md

Scroll note 21
scroll-21.md

Scroll note 22
scroll-22.md

Scroll note 23
scroll-23.md

Scroll note 24
scroll-24.md

Scroll note 25
scroll-25.md

Scroll note 26
scroll-26.md

Scroll note 27
scroll-27.md

Scroll note 28
scroll-28.md

Scroll note 29
scroll-29.md

Scroll note 30
scroll-30.md

Scroll note 31
scroll-31.md

Scroll note 32
scroll-32.md

Scroll note 33
scroll-33.md

Scroll note 34
scroll-34.md

Scroll note 35
scroll-35.md

Scroll note 36
scroll-36.md

Scroll note 37
scroll-37.md

Scroll note 38
scroll-38.md

Scroll note 39
scroll-39.md

Stale
stale.md
blog/Sprite.md
Body editing preserves frontmatter. Tags are managed separately.
Source
Preview
Move / rename
Add tag
Remove tag
Delete note
Saved

0 diagnostics · Library scan complete
Keyboard shortcuts
Monitoring external changes
{'ok': True, 'value': {'error': None, 'watcher_active': True, 'session': 1, 'root': '/tmp/foglio-phase5-3xxwnrhf/notes', 'generation': 4}}
0 diagnostics · Library scan complete
Traceback (most recent call last):
  File "/workspace/tests/acceptance/phase5.py", line 226, in <module>
    if __name__=='__main__': main()
                             ~~~~^^
  File "/workspace/tests/acceptance/phase5.py", line 150, in main
    operation('move-note','nested/renamed.md');renamed=library/'nested/renamed.md';wait(lambda:renamed.exists() and not created.exists(),'renamed file')
    ~~~~~~~~~^^^^^^^^^^^^^^^^^^^^^^^^^^^^^^^^^
  File "/workspace/tests/acceptance/phase5.py", line 93, in operation
    click(f'[data-testid={action}]');wait(lambda:js("return !!document.querySelector('dialog[open]')"),'operation dialog')
                                     ~~~~^^^^^^^^^^^^^^^^^^^^^^^^^^^^^^^^^^^^^^^^^^^^^^^^^^^^^^^^^^^^^^^^^^^^^^^^^^^^^^^^^
  File "/workspace/tests/acceptance/phase4.py", line 88, in wait
    raise AssertionError(f"Timed out: {description}; last error: {last}")
AssertionError: Timed out: operation dialog; last error: None
